{"pectoral_line": {"x1": 936.3186272481385, "y1": 10, "x2": 10, "y2": 1568.926355968557}, "nipple": {"x": 785.43776, "y": 2304.9354}}