{"pectoral_line": {"x1": 674.8615686197121, "y1": 10, "x2": 10, "y2": 1579.6731733846952}, "nipple": {"x": 686.20301, "y": 1885.2232199999999}}