{"pectoral_line": {"x1": 718.0087199453255, "y1": 10, "x2": 10, "y2": 1476.2308588082585}, "nipple": {"x": 789.440005, "y": 2200.8761950000003}}