{"pectoral_line": {"x1": 2370.1936759109803, "y1": 10, "x2": 2790, "y2": 1944.7595574511174}, "nipple": {"x": 1598.750425, "y": 2368.971735}}