{"pectoral_line": {"x1": 2288.7701840989203, "y1": 10, "x2": 2790, "y2": 1755.510916218187}, "nipple": {"x": 2039.0007, "y": 2232.89442}}