{"pectoral_line": {"x1": 2086.10734654323, "y1": 10, "x2": 2790, "y2": 1904.215166366363}, "nipple": {"x": 2283.1394800000003, "y": 2344.9580650000003}}