{"pectoral_line": {"x1": 142.34813452413897, "y1": 10, "x2": 10, "y2": 2230.5077556905735}, "nipple": {"x": 701.389945, "y": 1938.7271}}