{"pectoral_line": {"x1": 2179.0097153614006, "y1": 10, "x2": 2790, "y2": 1848.5253314877507}, "nipple": {"x": 2016.988185, "y": 2192.87167}}