{"pectoral_line": {"x1": 605.8847084803606, "y1": 10, "x2": 10, "y2": 1574.845069000758}, "nipple": {"x": 622.89711, "y": 2023.1397299999999}}