{"pectoral_line": {"x1": 718.6061475166895, "y1": 10, "x2": 10, "y2": 2160.465623566222}, "nipple": {"x": 955.38753, "y": 2696.9377149999996}}