{"pectoral_line": {"x1": 714.7039714207066, "y1": 10, "x2": 10, "y2": 1532.3757073030963}, "nipple": {"x": 892.2621300000001, "y": 2216.669375}}