{"pectoral_line": {"x1": 187.94872469047323, "y1": 10, "x2": 10, "y2": 1892.510115801207}, "nipple": {"x": 693.385405, "y": 1884.696485}}