{"pectoral_line": {"x1": 2585.6332198348946, "y1": 10, "x2": 2802, "y2": 1831.5063942096524}, "nipple": {"x": 1901.49553, "y": 2196.8992200000002}}