{"pectoral_line": {"x1": 1292.259868775343, "y1": 10, "x2": 2002, "y2": 890.0777530836473}, "nipple": {"x": 1121.677065, "y": 1858.371285}}