{"pectoral_line": {"x1": 418.36686434021743, "y1": 10, "x2": 10, "y2": 1981.4260903915606}, "nipple": {"x": 883.4934599999999, "y": 2296.9308300000002}}