{"pectoral_line": {"x1": 1583.6858389868999, "y1": 10, "x2": 2740, "y2": 1806.9749800613276}, "nipple": {"x": 2220.75702, "y": 2433.12219}}