{"pectoral_line": {"x1": 547.0852173220782, "y1": 10, "x2": 10, "y2": 1771.25241859897}, "nipple": {"x": 1005.5628449999999, "y": 2066.799975}}