{"pectoral_line": {"x1": 1996.2937911794756, "y1": 10, "x2": 2790, "y2": 1707.0691809550733}, "nipple": {"x": 2149.063335, "y": 2160.853445}}