{"pectoral_line": {"x1": 2267.339324012663, "y1": 10, "x2": 2790, "y2": 1366.2143595904968}, "nipple": {"x": 1950.9507350000001, "y": 1962.74076}}