{"pectoral_line": {"x1": 631.8819318175865, "y1": 10, "x2": 10, "y2": 1841.096750094057}, "nipple": {"x": 1086.06809, "y": 2512.541955}}