{"pectoral_line": {"x1": 359.68465149802154, "y1": 10, "x2": 10, "y2": 646.4260637588633}, "nipple": {"x": 949.8458099999999, "y": 1736.8058850000002}}