{"pectoral_line": {"x1": 2325.9918836363636, "y1": 10, "x2": 2790, "y2": 1711.363093333334}, "nipple": {"x": 1974.9643449999999, "y": 2224.8898799999997}}