{"pectoral_line": {"x1": 745.3305069758501, "y1": 10, "x2": 10, "y2": 1708.670464391063}, "nipple": {"x": 1023.0809300000001, "y": 2348.71288}}