{"pectoral_line": {"x1": 737.8950693999145, "y1": 10, "x2": 10, "y2": 1624.5040536969925}, "nipple": {"x": 645.358105, "y": 2012.7692749999999}}