{"pectoral_line": {"x1": 464.2328330742278, "y1": 10, "x2": 10, "y2": 1781.5080591284084}, "nipple": {"x": 962.68111, "y": 2298.719415}}