{"pectoral_line": {"x1": 2058.786145331838, "y1": 10, "x2": 2790, "y2": 1275.726911449585}, "nipple": {"x": 2127.05076, "y": 2038.783995}}