{"pectoral_line": {"x1": 630.8256511770195, "y1": 10, "x2": 10, "y2": 1330.107293934044}, "nipple": {"x": 1148.1893599999999, "y": 2179.8798549999997}}