{"pectoral_line": {"x1": 530.6159259201179, "y1": 10, "x2": 10, "y2": 1832.1557031973398}, "nipple": {"x": 1335.750585, "y": 2527.061645}}