{"pectoral_line": {"x1": 1782.9325179473158, "y1": 10, "x2": 2692, "y2": 1754.6072036486567}, "nipple": {"x": 1929.98803, "y": 2486.068605}}