{"pectoral_line": {"x1": 1603.7486525191753, "y1": 10, "x2": 10, "y2": 2028.1708242679754}, "nipple": {"x": 547.30237, "y": 2629.11971}}