{"pectoral_line": {"x1": 2272.5013625523065, "y1": 10, "x2": 2790, "y2": 1388.469823899179}, "nipple": {"x": 1952.9517700000001, "y": 2108.82393}}