{"pectoral_line": {"x1": 1609.333853149549, "y1": 10, "x2": 2002, "y2": 1477.0441801770924}, "nipple": {"x": 1147.2697850000002, "y": 2394.218885}}