{"pectoral_line": {"x1": 2198.2470342338606, "y1": 10, "x2": 2790, "y2": 1411.9990707639304}, "nipple": {"x": 2016.98818, "y": 2116.828465}}