{"pectoral_line": {"x1": 579.0737192881076, "y1": 10, "x2": 10, "y2": 1752.1642342609891}, "nipple": {"x": 1059.593605, "y": 2433.0081299999997}}