{"pectoral_line": {"x1": 568.4766659933567, "y1": 10, "x2": 10, "y2": 1290.6447389125458}, "nipple": {"x": 747.41613, "y": 2006.765865}}