{"pectoral_line": {"x1": 2144.6752533282715, "y1": 10, "x2": 2790, "y2": 1329.2398228581956}, "nipple": {"x": 1871.274175, "y": 2252.9058}}