{"pectoral_line": {"x1": 2218.470512291489, "y1": 10, "x2": 2790, "y2": 1445.0360076195725}, "nipple": {"x": 1869.0151150000002, "y": 2105.76714}}