{"pectoral_line": {"x1": 601.1114623785151, "y1": 10, "x2": 10, "y2": 1787.9524508440875}, "nipple": {"x": 895.500305, "y": 2254.90697}}