{"pectoral_line": {"x1": 2183.580988112077, "y1": 10, "x2": 2790, "y2": 1787.910282244437}, "nipple": {"x": 1694.80501, "y": 2549.0741350000003}}