{"pectoral_line": {"x1": 2065.2179751096637, "y1": 10, "x2": 2790, "y2": 1447.1746023342203}, "nipple": {"x": 2111.356475, "y": 1986.96493}}