{"pectoral_line": {"x1": 565.767170972301, "y1": 10, "x2": 10, "y2": 1483.0527947031937}, "nipple": {"x": 950.7312549999999, "y": 2063.83639}}