{"pectoral_line": {"x1": 499.16948504376063, "y1": 10, "x2": 10, "y2": 1699.0191766705452}, "nipple": {"x": 919.082885, "y": 2526.796785}}