{"pectoral_line": {"x1": 626.0130353895222, "y1": 10, "x2": 10, "y2": 1892.64653343162}, "nipple": {"x": 1211.680015, "y": 2489.040095}}