{"pectoral_line": {"x1": 2065.422397142857, "y1": 10, "x2": 2790, "y2": 1700.6810733333336}, "nipple": {"x": 2133.965665, "y": 2100.01114}}