{"pectoral_line": {"x1": 1959.8464838295495, "y1": 10, "x2": 2790, "y2": 1827.049253299722}, "nipple": {"x": 1672.792525, "y": 2503.04794}}