{"pectoral_line": {"x1": 2337.353588667113, "y1": 10, "x2": 2790, "y2": 1326.789778335077}, "nipple": {"x": 2175.44702, "y": 1958.738565}}