{"pectoral_line": {"x1": 519.7413178745409, "y1": 10, "x2": 10, "y2": 1167.6369004626795}, "nipple": {"x": 751.4183999999999, "y": 1626.54973}}