{"pectoral_line": {"x1": 2034.798274557051, "y1": 10, "x2": 2790, "y2": 1559.3313733843238}, "nipple": {"x": 1817.95951, "y": 2191.75553}}