{"pectoral_line": {"x1": 502.4916685714286, "y1": 10, "x2": 10, "y2": 1159.1472266666667}, "nipple": {"x": 975.601435, "y": 2014.09597}}