{"pectoral_line": {"x1": 1067.1474903642697, "y1": 10, "x2": 2002, "y2": 1806.932079157442}, "nipple": {"x": 1155.3298049999999, "y": 2446.635475}}