{"pectoral_line": {"x1": 2183.1001444815633, "y1": 10, "x2": 2790, "y2": 1524.8972406024911}, "nipple": {"x": 1708.812985, "y": 2104.821625}}