{"pectoral_line": {"x1": 2260.6496218769234, "y1": 10, "x2": 2790, "y2": 952.7478196353803}, "nipple": {"x": 2129.051965, "y": 1684.5826849999999}}