{"pectoral_line": {"x1": 2510.43759924134, "y1": 10, "x2": 2644, "y2": 686.4289434531071}, "nipple": {"x": 1696.2382300000002, "y": 2791.52951}}