{"pectoral_line": {"x1": 1274.8451968913982, "y1": 10, "x2": 2002, "y2": 1394.262571463973}, "nipple": {"x": 1157.1619799999999, "y": 2087.10627}}