{"pectoral_line": {"x1": 2093.775690020294, "y1": 10, "x2": 2790, "y2": 1628.0768508754784}, "nipple": {"x": 1930.48244, "y": 2233.40574}}