{"pectoral_line": {"x1": 66.6749300043632, "y1": 10, "x2": 10, "y2": 2522.587706019365}, "nipple": {"x": 1243.698285, "y": 2384.98092}}