{"pectoral_line": {"x1": 2230.9509661692246, "y1": 10, "x2": 2790, "y2": 1687.1474441565501}, "nipple": {"x": 2148.477805, "y": 2068.14701}}