{"pectoral_line": {"x1": 280.5370229041859, "y1": 10, "x2": 10, "y2": 1842.7931367574574}, "nipple": {"x": 645.9322500000001, "y": 2002.33038}}