{"pectoral_line": {"x1": 2235.735421331403, "y1": 10, "x2": 2790, "y2": 1471.2429699527584}, "nipple": {"x": 1888.9153999999999, "y": 1958.73848}}