{"pectoral_line": {"x1": 549.3495969167302, "y1": 10, "x2": 10, "y2": 1725.0105101658792}, "nipple": {"x": 950.73126, "y": 1986.96487}}