{"pectoral_line": {"x1": 2068.125940522, "y1": 10, "x2": 2790, "y2": 1193.6133314287972}, "nipple": {"x": 2036.7458749999998, "y": 1946.26821}}