{"pectoral_line": {"x1": 828.4169563292598, "y1": 10, "x2": 10, "y2": 1432.07204069366}, "nipple": {"x": 947.5299, "y": 2188.869445}}