{"pectoral_line": {"x1": 423.89939720745826, "y1": 10, "x2": 10, "y2": 1419.3987916685548}, "nipple": {"x": 1130.59438, "y": 2131.89347}}