{"pectoral_line": {"x1": 988.0522058698073, "y1": 10, "x2": 10, "y2": 1775.4148921605236}, "nipple": {"x": 1301.731235, "y": 2793.21292}}