{"pectoral_line": {"x1": 2172.743889082938, "y1": 10, "x2": 2790, "y2": 1690.0096880104784}, "nipple": {"x": 1862.6546700000001, "y": 2522.8042}}