{"pectoral_line": {"x1": 356.0013753520366, "y1": 10, "x2": 10, "y2": 1374.7832161187073}, "nipple": {"x": 1061.594755, "y": 2028.778375}}