{"pectoral_line": {"x1": 313.0884309729578, "y1": 10, "x2": 10, "y2": 1613.2938692155499}, "nipple": {"x": 951.5321349999999, "y": 1920.7168900000001}}