{"pectoral_line": {"x1": 578.400276138589, "y1": 10, "x2": 10, "y2": 1668.6953751652406}, "nipple": {"x": 721.743375, "y": 2056.494055}}