{"pectoral_line": {"x1": 832.2377656980997, "y1": 10, "x2": 10, "y2": 1411.0196351566774}, "nipple": {"x": 1001.5604950000001, "y": 2256.908245}}