{"pectoral_line": {"x1": 654.903608082682, "y1": 10, "x2": 10, "y2": 1265.8649098442365}, "nipple": {"x": 695.386535, "y": 1806.65211}}