{"pectoral_line": {"x1": 2221.8488337499725, "y1": 10, "x2": 2790, "y2": 1724.5094605985075}, "nipple": {"x": 1932.94048, "y": 2338.95473}}