{"pectoral_line": {"x1": 2138.0653161033383, "y1": 10, "x2": 2790, "y2": 1504.2152571699862}, "nipple": {"x": 2115.043945, "y": 1904.707815}}