{"pectoral_line": {"x1": 2241.567450902672, "y1": 10, "x2": 2790, "y2": 1721.1090916661058}, "nipple": {"x": 1910.927955, "y": 2212.8830150000003}}