{"pectoral_line": {"x1": 2289.0531625100843, "y1": 10, "x2": 2790, "y2": 974.4396971850784}, "nipple": {"x": 1966.9597700000002, "y": 2112.826105}}