{"pectoral_line": {"x1": 696.3795905528915, "y1": 10, "x2": 10, "y2": 1767.8013567289022}, "nipple": {"x": 1124.82258, "y": 2373.583115}}