{"pectoral_line": {"x1": 623.3802698974964, "y1": 10, "x2": 10, "y2": 1570.7794999798177}, "nipple": {"x": 742.7261450000001, "y": 1826.43916}}