{"pectoral_line": {"x1": 1402.208328197874, "y1": 10, "x2": 2002, "y2": 1619.197160999913}, "nipple": {"x": 1270.43475, "y": 2048.7171900000003}}