{"pectoral_line": {"x1": 2182.235743832187, "y1": 10, "x2": 2790, "y2": 1738.0463338890497}, "nipple": {"x": 2249.120275, "y": 2098.8181950000003}}