{"pectoral_line": {"x1": 1544.292389002984, "y1": 10, "x2": 2002, "y2": 1310.8532166331659}, "nipple": {"x": 813.769395, "y": 2094.231855}}