{"pectoral_line": {"x1": 2259.6088865499255, "y1": 10, "x2": 2790, "y2": 1514.4747694346602}, "nipple": {"x": 2191.08721, "y": 1948.7328300000001}}