{"pectoral_line": {"x1": 2411.327868006523, "y1": 10, "x2": 2790, "y2": 901.264905179656}, "nipple": {"x": 1960.956375, "y": 1922.718085}}