{"pectoral_line": {"x1": 753.0570283459306, "y1": 10, "x2": 10, "y2": 1445.831930561383}, "nipple": {"x": 627.347865, "y": 1922.717995}}