{"pectoral_line": {"x1": 733.9580959427258, "y1": 10, "x2": 10, "y2": 1756.9424177990668}, "nipple": {"x": 905.50594, "y": 2144.844315}}