{"pectoral_line": {"x1": 629.925738937762, "y1": 10, "x2": 10, "y2": 1619.6317556547108}, "nipple": {"x": 709.394505, "y": 1946.7317}}