{"pectoral_line": {"x1": 649.5946637316665, "y1": 10, "x2": 10, "y2": 1527.226432882227}, "nipple": {"x": 1016.08202, "y": 2159.0857800000003}}