{"pectoral_line": {"x1": 554.9335572479713, "y1": 10, "x2": 10, "y2": 2004.8460727697923}, "nipple": {"x": 744.98707, "y": 2251.49314}}