{"pectoral_line": {"x1": 2344.9114886072934, "y1": 10, "x2": 2790, "y2": 1533.7739782355445}, "nipple": {"x": 2085.026935, "y": 2084.8102400000002}}