{"pectoral_line": {"x1": 2284.976768256216, "y1": 10, "x2": 2790, "y2": 1515.1672808549174}, "nipple": {"x": 2034.484945, "y": 1858.092115}}