{"pectoral_line": {"x1": 1798.8348012816018, "y1": 10, "x2": 2790, "y2": 1738.018769725419}, "nipple": {"x": 1984.9700400000002, "y": 2396.98767}}