{"pectoral_line": {"x1": 448.5056913741773, "y1": 10, "x2": 10, "y2": 1560.4307971243666}, "nipple": {"x": 769.7807349999999, "y": 1929.776825}}