{"pectoral_line": {"x1": 2243.7309370415987, "y1": 10, "x2": 2790, "y2": 1675.585090736843}, "nipple": {"x": 1831.00172, "y": 2014.09597}}