{"pectoral_line": {"x1": 1383.5969403369577, "y1": 10, "x2": 2002, "y2": 1258.1876874978436}, "nipple": {"x": 1403.197035, "y": 1743.20406}}