{"pectoral_line": {"x1": 2241.714782328086, "y1": 10, "x2": 2790, "y2": 1763.6756439900755}, "nipple": {"x": 1817.243415, "y": 2294.929715}}