{"pectoral_line": {"x1": 593.9566292481846, "y1": 10, "x2": 10, "y2": 1538.592358617699}, "nipple": {"x": 763.074475, "y": 2115.837675}}