{"pectoral_line": {"x1": 624.4508405545928, "y1": 10, "x2": 10, "y2": 1633.4437886392807}, "nipple": {"x": 758.5526299999999, "y": 2034.4443649999998}}