{"pectoral_line": {"x1": 2186.039143517894, "y1": 10, "x2": 2790, "y2": 1029.8027623328453}, "nipple": {"x": 2242.49015, "y": 1808.351755}}