{"pectoral_line": {"x1": 1370.4133345230111, "y1": 10, "x2": 2002, "y2": 1550.7938419403029}, "nipple": {"x": 849.75442, "y": 2213.47033}}