{"pectoral_line": {"x1": 506.96282068689766, "y1": 10, "x2": 10, "y2": 1662.7919728940617}, "nipple": {"x": 951.63047, "y": 2391.6705150000003}}