{"pectoral_line": {"x1": 525.1760311261445, "y1": 10, "x2": 10, "y2": 1591.5903420576933}, "nipple": {"x": 875.48895, "y": 2192.8719}}