{"pectoral_line": {"x1": 1444.0845743882203, "y1": 10, "x2": 2002, "y2": 1430.5747803339616}, "nipple": {"x": 1337.615635, "y": 1895.16083}}