{"pectoral_line": {"x1": 265.4599886512513, "y1": 10, "x2": 10, "y2": 1283.8004365125844}, "nipple": {"x": 717.911755, "y": 1923.9526899999998}}