{"pectoral_line": {"x1": 188.68113485579886, "y1": 10, "x2": 10, "y2": 1342.4507966032472}, "nipple": {"x": 1583.891655, "y": 2471.02986}}