{"pectoral_line": {"x1": 497.627882897336, "y1": 10, "x2": 10, "y2": 1142.4250871674935}, "nipple": {"x": 936.342375, "y": 1800.64875}}