{"pectoral_line": {"x1": 2192.364689135625, "y1": 10, "x2": 2692, "y2": 1190.5543770874306}, "nipple": {"x": 2005.33504, "y": 1649.106235}}