{"pectoral_line": {"x1": 1775.2958121512363, "y1": 10, "x2": 2790, "y2": 1789.2073297560403}, "nipple": {"x": 1654.782335, "y": 2829.2334549999996}}