{"pectoral_line": {"x1": 2195.4804186008587, "y1": 10, "x2": 2790, "y2": 1537.3840072325486}, "nipple": {"x": 2225.106635, "y": 2038.78402}}