{"pectoral_line": {"x1": 2090.5492995897553, "y1": 10, "x2": 2790, "y2": 1352.6237723432473}, "nipple": {"x": 2037.3685600000001, "y": 2062.7976599999997}}