{"pectoral_line": {"x1": 2196.1333270939504, "y1": 10, "x2": 2790, "y2": 1849.8222518207433}, "nipple": {"x": 1544.71968, "y": 2437.010495}}