{"pectoral_line": {"x1": 213.54179682211975, "y1": 10, "x2": 10, "y2": 1327.0351546087747}, "nipple": {"x": 863.755015, "y": 1877.368035}}