{"pectoral_line": {"x1": 1611.0652683837077, "y1": 10, "x2": 2002, "y2": 1447.3761685991503}, "nipple": {"x": 1356.8101849999998, "y": 2050.31669}}