{"pectoral_line": {"x1": 1282.6422131372024, "y1": 10, "x2": 2002, "y2": 1572.1556577128172}, "nipple": {"x": 1010.753945, "y": 2291.216355}}