{"pectoral_line": {"x1": 2035.9483584418485, "y1": 10, "x2": 2790, "y2": 1615.6662463688006}, "nipple": {"x": 1956.95408, "y": 2172.860235}}