{"pectoral_line": {"x1": 670.6026957875716, "y1": 10, "x2": 10, "y2": 1637.1586643807884}, "nipple": {"x": 1245.699365, "y": 2461.02416}}