{"pectoral_line": {"x1": 2181.3505520599256, "y1": 10, "x2": 2790, "y2": 1840.5593298977678}, "nipple": {"x": 2079.0235, "y": 2108.82393}}