{"pectoral_line": {"x1": 1609.0828023970596, "y1": 10, "x2": 2002, "y2": 771.4943911412373}, "nipple": {"x": 984.116215, "y": 1703.215405}}