{"pectoral_line": {"x1": 455.26946136409725, "y1": 10, "x2": 10, "y2": 1469.7493512746955}, "nipple": {"x": 841.4695899999999, "y": 2070.8023200000002}}