{"pectoral_line": {"x1": 2426.8010385646503, "y1": 10, "x2": 2802, "y2": 1731.5011280119427}, "nipple": {"x": 1930.005185, "y": 2587.888895}}