{"pectoral_line": {"x1": 2241.9822834501138, "y1": 10, "x2": 2790, "y2": 1279.9256834158919}, "nipple": {"x": 2032.22408, "y": 1903.310625}}