{"pectoral_line": {"x1": 628.9366002157403, "y1": 10, "x2": 10, "y2": 1821.5298902949792}, "nipple": {"x": 1161.6516499999998, "y": 2433.00811}}