{"pectoral_line": {"x1": 670.300418784463, "y1": 10, "x2": 10, "y2": 1430.6463694099336}, "nipple": {"x": 684.1990000000001, "y": 1766.629305}}