{"pectoral_line": {"x1": 500.5279669392116, "y1": 10, "x2": 10, "y2": 1275.5621456335577}, "nipple": {"x": 765.42635, "y": 1726.606585}}