{"pectoral_line": {"x1": 575.1878233454904, "y1": 10, "x2": 10, "y2": 1728.63235610008}, "nipple": {"x": 672.6374549999999, "y": 2133.925085}}