{"pectoral_line": {"x1": 2180.567667069564, "y1": 10, "x2": 2790, "y2": 1864.3408440552566}, "nipple": {"x": 1826.88014, "y": 2414.9979049999997}}