{"pectoral_line": {"x1": 2110.828628398229, "y1": 10, "x2": 2790, "y2": 1554.357810554761}, "nipple": {"x": 2030.996205, "y": 2102.820485}}