{"pectoral_line": {"x1": 2184.0848773682674, "y1": 10, "x2": 2802, "y2": 1589.8961246022864}, "nipple": {"x": 2070.07311, "y": 2164.6303049999997}}