{"pectoral_line": {"x1": 508.58153359256744, "y1": 10, "x2": 10, "y2": 1392.8582266078072}, "nipple": {"x": 839.945935, "y": 2066.09725}}