{"pectoral_line": {"x1": 1992.403431768861, "y1": 10, "x2": 2790, "y2": 1789.1476847782399}, "nipple": {"x": 1592.7469800000001, "y": 2589.09699}}