{"pectoral_line": {"x1": 482.0095853937989, "y1": 10, "x2": 10, "y2": 1766.3117261443615}, "nipple": {"x": 929.5196149999999, "y": 2094.815945}}