{"pectoral_line": {"x1": 1854.3268112505086, "y1": 10, "x2": 2790, "y2": 1841.015725559792}, "nipple": {"x": 2028.9950000000001, "y": 2350.9616300000002}}