{"pectoral_line": {"x1": 288.6620403846566, "y1": 10, "x2": 10, "y2": 2498.74040089345}, "nipple": {"x": 934.904835, "y": 2572.54455}}