{"pectoral_line": {"x1": 2104.8329199945247, "y1": 10, "x2": 2790, "y2": 1427.406696917915}, "nipple": {"x": 1658.784555, "y": 2202.877315}}