{"pectoral_line": {"x1": 1764.6364372074688, "y1": 10, "x2": 2002, "y2": 1742.1127407869412}, "nipple": {"x": 1180.860205, "y": 2219.868455}}