{"pectoral_line": {"x1": 2227.0929159196457, "y1": 10, "x2": 2790, "y2": 1712.6769040204465}, "nipple": {"x": 1628.76749, "y": 2232.89445}}