{"pectoral_line": {"x1": 708.6424710790442, "y1": 10, "x2": 10, "y2": 1402.294583218615}, "nipple": {"x": 559.30918, "y": 1958.73857}}