{"pectoral_line": {"x1": 696.9307827744741, "y1": 10, "x2": 10, "y2": 1322.2682352828197}, "nipple": {"x": 750.408105, "y": 2054.792695}}