{"pectoral_line": {"x1": 2236.4102909430962, "y1": 10, "x2": 2790, "y2": 1636.4759660644243}, "nipple": {"x": 1923.6996, "y": 2228.883885}}