{"pectoral_line": {"x1": 623.2729531834884, "y1": 10, "x2": 10, "y2": 1367.961406337098}, "nipple": {"x": 1076.20986, "y": 2075.909395}}