{"pectoral_line": {"x1": 1236.2351279375976, "y1": 10, "x2": 10, "y2": 1757.8931682708435}, "nipple": {"x": 688.9691, "y": 2514.578355}}