{"pectoral_line": {"x1": 591.7100186926705, "y1": 10, "x2": 10, "y2": 1388.6984535303286}, "nipple": {"x": 641.3558, "y": 1754.622495}}