{"pectoral_line": {"x1": 717.6898668882446, "y1": 10, "x2": 10, "y2": 1328.1399347424715}, "nipple": {"x": 794.72743, "y": 1860.35304}}