{"pectoral_line": {"x1": 430.19589875566135, "y1": 10, "x2": 10, "y2": 2060.5559868576765}, "nipple": {"x": 995.6804750000001, "y": 2408.684255}}