{"pectoral_line": {"x1": 610.4379532858618, "y1": 10, "x2": 10, "y2": 1409.3257704824553}, "nipple": {"x": 517.285285, "y": 2038.7840449999999}}