{"pectoral_line": {"x1": 2409.8317458055612, "y1": 10, "x2": 2802, "y2": 1965.7482125539561}, "nipple": {"x": 2086.17854, "y": 2203.7434700000003}}