{"pectoral_line": {"x1": 623.5296742473328, "y1": 10, "x2": 10, "y2": 1368.892184148045}, "nipple": {"x": 835.46616, "y": 1936.72601}}