{"pectoral_line": {"x1": 487.95743233969944, "y1": 10, "x2": 10, "y2": 1515.7456097271572}, "nipple": {"x": 821.882195, "y": 2103.1016999999997}}