{"pectoral_line": {"x1": 631.1625506195376, "y1": 10, "x2": 10, "y2": 1060.1422026925486}, "nipple": {"x": 772.296305, "y": 1666.4258849999999}}