{"pectoral_line": {"x1": 778.6845969806088, "y1": 10, "x2": 10, "y2": 1593.908093936606}, "nipple": {"x": 913.51053, "y": 2138.840875}}