{"pectoral_line": {"x1": 1380.6510174644327, "y1": 10, "x2": 2002, "y2": 1445.922331578435}, "nipple": {"x": 1227.6177149999999, "y": 2130.375775}}