{"pectoral_line": {"x1": 2180.623601296495, "y1": 10, "x2": 2790, "y2": 1368.30454311672}, "nipple": {"x": 2079.0235, "y": 1814.6566}}