{"pectoral_line": {"x1": 905.3380967813464, "y1": 10, "x2": 10, "y2": 1979.743647375575}, "nipple": {"x": 1191.66865, "y": 2657.135585}}