{"pectoral_line": {"x1": 2009.408328209295, "y1": 10, "x2": 2790, "y2": 1863.789898305384}, "nipple": {"x": 1914.930195, "y": 2599.10259}}