{"pectoral_line": {"x1": 1763.1932836285282, "y1": 10, "x2": 2790, "y2": 1357.2749468754973}, "nipple": {"x": 2095.03265, "y": 1990.756755}}