{"pectoral_line": {"x1": 498.71673685360673, "y1": 10, "x2": 10, "y2": 1339.3095190540223}, "nipple": {"x": 828.6413150000001, "y": 2421.06261}}