{"pectoral_line": {"x1": 578.0034427601325, "y1": 10, "x2": 10, "y2": 1744.5204210171992}, "nipple": {"x": 803.447955, "y": 2425.003695}}