{"pectoral_line": {"x1": 2307.0133730927073, "y1": 10, "x2": 2790, "y2": 1695.5249803579977}, "nipple": {"x": 2067.01667, "y": 2176.86252}}