{"pectoral_line": {"x1": 2266.7783354869002, "y1": 10, "x2": 2790, "y2": 1459.5813665593548}, "nipple": {"x": 1930.939275, "y": 2100.81928}}