{"pectoral_line": {"x1": 476.9030524991976, "y1": 10, "x2": 10, "y2": 1305.6559648523032}, "nipple": {"x": 660.1853749999999, "y": 1794.6452100000001}}