{"pectoral_line": {"x1": 686.7739313511175, "y1": 10, "x2": 10, "y2": 1536.6760712854107}, "nipple": {"x": 883.6342149999999, "y": 2190.013245}}