{"pectoral_line": {"x1": 2376.825730460041, "y1": 10, "x2": 2790, "y2": 1727.9343428831671}, "nipple": {"x": 1586.74359, "y": 2260.910385}}