{"pectoral_line": {"x1": 2299.578218344654, "y1": 10, "x2": 2790, "y2": 1411.20534628775}, "nipple": {"x": 1956.9541550000001, "y": 1904.70783}}