{"pectoral_line": {"x1": 2188.9827680979033, "y1": 10, "x2": 2790, "y2": 2277.1282847863076}, "nipple": {"x": 1753.468165, "y": 2739.9320500000003}}