{"pectoral_line": {"x1": 780.5077608469238, "y1": 10, "x2": 10, "y2": 1805.6181782939573}, "nipple": {"x": 945.528745, "y": 2503.04792}}