{"pectoral_line": {"x1": 2042.9912884882954, "y1": 10, "x2": 2790, "y2": 1314.839719832036}, "nipple": {"x": 1812.872195, "y": 2142.84321}}