{"pectoral_line": {"x1": 2153.532099663712, "y1": 10, "x2": 2790, "y2": 1331.521416755143}, "nipple": {"x": 2195.01078, "y": 1740.523995}}