{"pectoral_line": {"x1": 2414.986595234984, "y1": 10, "x2": 2790, "y2": 1706.9351025603041}, "nipple": {"x": 1876.9085400000001, "y": 2196.8739250000003}}