{"pectoral_line": {"x1": 1961.672931785987, "y1": 10, "x2": 2802, "y2": 1632.1964960957125}, "nipple": {"x": 2019.607035, "y": 2198.9356150000003}}