{"pectoral_line": {"x1": 2135.8963565861836, "y1": 10, "x2": 2790, "y2": 1792.7530645159802}, "nipple": {"x": 1820.87672, "y": 2316.9421350000002}}