{"pectoral_line": {"x1": 414.3966517278617, "y1": 10, "x2": 10, "y2": 2846.903784090909}, "nipple": {"x": 901.0291950000001, "y": 3005.351915}}