{"pectoral_line": {"x1": 2259.950187966524, "y1": 10, "x2": 2790, "y2": 1518.6033123282139}, "nipple": {"x": 1783.52229, "y": 2185.92625}}