{"pectoral_line": {"x1": 2258.982156735585, "y1": 10, "x2": 2790, "y2": 1741.1621478302898}, "nipple": {"x": 1580.74018, "y": 2445.0150249999997}}