{"pectoral_line": {"x1": 615.7572939387267, "y1": 10, "x2": 10, "y2": 1367.4802220706792}, "nipple": {"x": 568.634905, "y": 2027.66158}}