{"pectoral_line": {"x1": 620.2222932560652, "y1": 10, "x2": 10, "y2": 1189.4212420810522}, "nipple": {"x": 867.484355, "y": 1848.67594}}