{"pectoral_line": {"x1": 2091.383122133776, "y1": 10, "x2": 2790, "y2": 1239.9003253712337}, "nipple": {"x": 2004.98134, "y": 2012.7692749999999}}