{"pectoral_line": {"x1": 465.5133859010682, "y1": 10, "x2": 10, "y2": 1360.2718494753226}, "nipple": {"x": 695.246705, "y": 1781.22065}}