{"pectoral_line": {"x1": 260.34224088778575, "y1": 10, "x2": 10, "y2": 1994.420180949588}, "nipple": {"x": 994.37536, "y": 2222.88865}}