{"pectoral_line": {"x1": 572.211238780793, "y1": 10, "x2": 10, "y2": 1408.5585453513595}, "nipple": {"x": 731.407005, "y": 2102.82042}}