{"pectoral_line": {"x1": 1935.9229575000008, "y1": 10, "x2": 2790, "y2": 1376.5232680000001}, "nipple": {"x": 2227.10773, "y": 2006.765865}}