{"pectoral_line": {"x1": 660.0458720762128, "y1": 10, "x2": 10, "y2": 1570.110154856847}, "nipple": {"x": 599.331915, "y": 2002.7636100000002}}