{"pectoral_line": {"x1": 2389.9062460209757, "y1": 10, "x2": 2790, "y2": 1301.2117881086826}, "nipple": {"x": 2032.9973, "y": 1980.7511299999999}}