{"pectoral_line": {"x1": 657.098046722743, "y1": 10, "x2": 10, "y2": 1521.5051126939338}, "nipple": {"x": 877.490065, "y": 1998.7612900000001}}