{"pectoral_line": {"x1": 667.5049498139754, "y1": 10, "x2": 10, "y2": 1431.9535840022284}, "nipple": {"x": 655.9272450000001, "y": 2012.9078849999999}}