{"pectoral_line": {"x1": 2078.831671279053, "y1": 10, "x2": 2628, "y2": 1534.8751603490955}, "nipple": {"x": 2012.983105, "y": 1936.85393}}