{"pectoral_line": {"x1": 2239.3529580910126, "y1": 10, "x2": 2790, "y2": 1524.690081064996}, "nipple": {"x": 1876.554175, "y": 2061.575475}}