{"pectoral_line": {"x1": 573.6235844354053, "y1": 10, "x2": 10, "y2": 1711.9221815196886}, "nipple": {"x": 621.34445, "y": 2272.9172200000003}}