{"pectoral_line": {"x1": 2396.6145387566166, "y1": 10, "x2": 2790, "y2": 1472.9031899409122}, "nipple": {"x": 2053.00876, "y": 1940.728315}}