{"pectoral_line": {"x1": 739.3620241267154, "y1": 10, "x2": 10, "y2": 1744.0461918194226}, "nipple": {"x": 809.45141, "y": 2178.86369}}