{"pectoral_line": {"x1": 635.2418572076385, "y1": 10, "x2": 10, "y2": 1633.4973134489537}, "nipple": {"x": 932.250785, "y": 2400.616975}}