{"pectoral_line": {"x1": 664.1294453545008, "y1": 10, "x2": 10, "y2": 1279.9854015641456}, "nipple": {"x": 828.280365, "y": 2253.45891}}