{"pectoral_line": {"x1": 2090.4604870858357, "y1": 10, "x2": 2708, "y2": 1117.312239228556}, "nipple": {"x": 2147.314835, "y": 1699.8744649999999}}