{"pectoral_line": {"x1": 2007.9209810031884, "y1": 10, "x2": 2790, "y2": 1407.3142662497507}, "nipple": {"x": 2111.0417549999997, "y": 1972.74649}}