{"pectoral_line": {"x1": 234.5230747930195, "y1": 10, "x2": 10, "y2": 1727.862582766537}, "nipple": {"x": 1413.79492, "y": 2282.9228350000003}}