{"pectoral_line": {"x1": 2191.798327612843, "y1": 10, "x2": 2790, "y2": 1428.743792693703}, "nipple": {"x": 1742.82563, "y": 2613.241215}}