{"pectoral_line": {"x1": 2146.0878646097135, "y1": 10, "x2": 2790, "y2": 1749.6013295379576}, "nipple": {"x": 1770.8483199999998, "y": 2298.93188}}