{"pectoral_line": {"x1": 436.0289533256666, "y1": 10, "x2": 10, "y2": 1092.6147475605858}, "nipple": {"x": 795.44343, "y": 1574.5201100000002}}