{"pectoral_line": {"x1": 999.1170605401653, "y1": 10, "x2": 2002, "y2": 1626.2165054372356}, "nipple": {"x": 1122.800265, "y": 2410.491475}}