{"pectoral_line": {"x1": 363.8295566443035, "y1": 10, "x2": 10, "y2": 797.3953596483109}, "nipple": {"x": 899.502565, "y": 2100.81924}}