{"pectoral_line": {"x1": 496.19950397096017, "y1": 10, "x2": 10, "y2": 1225.498765198098}, "nipple": {"x": 835.42409, "y": 1550.6062550000001}}