{"pectoral_line": {"x1": 444.64625071165455, "y1": 10, "x2": 10, "y2": 1390.6410324238698}, "nipple": {"x": 891.4980149999999, "y": 2160.853505}}