{"pectoral_line": {"x1": 2172.150060765715, "y1": 10, "x2": 2790, "y2": 761.7894314173165}, "nipple": {"x": 1506.698065, "y": 1988.755535}}