{"pectoral_line": {"x1": 616.6383962763509, "y1": 10, "x2": 10, "y2": 1625.6389803741613}, "nipple": {"x": 594.40425, "y": 2054.7926899999998}}