{"pectoral_line": {"x1": 2420.2936690083393, "y1": 10, "x2": 2790, "y2": 1148.1970221567517}, "nipple": {"x": 1924.935915, "y": 1996.760135}}