{"pectoral_line": {"x1": 2364.4250064336807, "y1": 10, "x2": 2790, "y2": 1267.9492989812095}, "nipple": {"x": 1862.90063, "y": 1884.69643}}