{"pectoral_line": {"x1": 1546.3229769658647, "y1": 10, "x2": 2002, "y2": 1608.544101938115}, "nipple": {"x": 1638.3301099999999, "y": 2000.7307850000002}}