{"pectoral_line": {"x1": 956.7475954190463, "y1": 10, "x2": 10, "y2": 1749.802383813932}, "nipple": {"x": 789.4399999999999, "y": 2394.98662}}