{"pectoral_line": {"x1": 774.6784102404526, "y1": 10, "x2": 10, "y2": 1933.5209383276072}, "nipple": {"x": 1136.12721, "y": 2791.85426}}