{"pectoral_line": {"x1": 2092.2685810650846, "y1": 10, "x2": 2790, "y2": 1722.0803989048773}, "nipple": {"x": 2063.87698, "y": 2068.35824}}