{"pectoral_line": {"x1": 559.7546792413018, "y1": 10, "x2": 10, "y2": 1811.2382465254032}, "nipple": {"x": 983.55035, "y": 2390.98423}}