{"pectoral_line": {"x1": 1234.5468691641363, "y1": 10, "x2": 2002, "y2": 1453.07426776352}, "nipple": {"x": 1005.332375, "y": 2184.5917449999997}}