{"pectoral_line": {"x1": 2278.297410287716, "y1": 10, "x2": 2790, "y2": 960.951721001655}, "nipple": {"x": 1852.8949149999999, "y": 1618.54511}}