{"pectoral_line": {"x1": 2205.3950717582716, "y1": 10, "x2": 2790, "y2": 1217.896960590418}, "nipple": {"x": 1972.963155, "y": 1760.62587}}