{"pectoral_line": {"x1": 2305.9467190192518, "y1": 10, "x2": 2790, "y2": 1682.5769850037448}, "nipple": {"x": 1960.95638, "y": 2256.90799}}