{"pectoral_line": {"x1": 2240.5409000616182, "y1": 10, "x2": 2802, "y2": 1605.4801506488498}, "nipple": {"x": 1885.204275, "y": 2300.755885}}