{"pectoral_line": {"x1": 688.7382629193977, "y1": 10, "x2": 10, "y2": 1626.0434716862032}, "nipple": {"x": 649.053585, "y": 2027.839925}}