{"pectoral_line": {"x1": 881.5391733871979, "y1": 10, "x2": 10, "y2": 2040.8506916734732}, "nipple": {"x": 794.72743, "y": 2604.197515}}