{"pectoral_line": {"x1": 761.7240193939288, "y1": 10, "x2": 10, "y2": 1761.5901092108525}, "nipple": {"x": 1063.59588, "y": 2386.982095}}