{"pectoral_line": {"x1": 1404.885599864102, "y1": 10, "x2": 2002, "y2": 1629.0986570192472}, "nipple": {"x": 842.684575, "y": 2256.8796150000003}}