{"pectoral_line": {"x1": 473.22347254235643, "y1": 10, "x2": 10, "y2": 1294.7896104035538}, "nipple": {"x": 804.117475, "y": 1917.126405}}