{"pectoral_line": {"x1": 493.8471720690561, "y1": 10, "x2": 10, "y2": 1297.6578127671696}, "nipple": {"x": 642.73314, "y": 1920.7535599999999}}