{"pectoral_line": {"x1": 1777.2738522486168, "y1": 10, "x2": 2790, "y2": 1724.0387599013254}, "nipple": {"x": 2357.181625, "y": 2268.91486}}