{"pectoral_line": {"x1": 2182.199321847258, "y1": 10, "x2": 2790, "y2": 1257.8332610014843}, "nipple": {"x": 2002.980255, "y": 1842.6725649999998}}