{"pectoral_line": {"x1": 2147.1518988955495, "y1": 10, "x2": 2790, "y2": 1354.1369638943672}, "nipple": {"x": 2203.094045, "y": 2006.7658549999999}}