{"pectoral_line": {"x1": 555.6007992960633, "y1": 10, "x2": 10, "y2": 1424.1081900735958}, "nipple": {"x": 869.337975, "y": 1977.9212300000002}}