{"pectoral_line": {"x1": 214.61937987303887, "y1": 10, "x2": 10, "y2": 1261.5092223676177}, "nipple": {"x": 903.50483, "y": 1994.75895}}