{"pectoral_line": {"x1": 2113.0617029848017, "y1": 10, "x2": 2790, "y2": 1441.4424574570478}, "nipple": {"x": 2104.5737, "y": 2011.835045}}