{"pectoral_line": {"x1": 532.8841029760529, "y1": 10, "x2": 10, "y2": 1237.4483177591935}, "nipple": {"x": 1225.687985, "y": 2144.84439}}