{"pectoral_line": {"x1": 606.1003173276792, "y1": 10, "x2": 10, "y2": 1636.6466172788396}, "nipple": {"x": 980.12335, "y": 2100.0112}}