{"pectoral_line": {"x1": 2223.804505058991, "y1": 10, "x2": 2790, "y2": 1611.126595136613}, "nipple": {"x": 1756.840305, "y": 2292.9285649999997}}