{"pectoral_line": {"x1": 1587.1487175752452, "y1": 10, "x2": 2002, "y2": 1281.9496856581577}, "nipple": {"x": 1352.314385, "y": 2009.293515}}