{"pectoral_line": {"x1": 2157.9212646131014, "y1": 10, "x2": 2790, "y2": 1732.4145486649704}, "nipple": {"x": 2193.4573050000004, "y": 2214.88419}}