{"pectoral_line": {"x1": 674.7076199578669, "y1": 10, "x2": 10, "y2": 1042.188271189694}, "nipple": {"x": 637.3535549999999, "y": 1818.6589749999998}}