{"pectoral_line": {"x1": 308.93649192174087, "y1": 10, "x2": 10, "y2": 1616.7834893764011}, "nipple": {"x": 716.23206, "y": 1952.60003}}