{"pectoral_line": {"x1": 599.0390191256012, "y1": 10, "x2": 10, "y2": 1566.4672887918202}, "nipple": {"x": 623.5386100000001, "y": 2018.32573}}