{"pectoral_line": {"x1": 2047.032110816584, "y1": 10, "x2": 2790, "y2": 2018.3350916950124}, "nipple": {"x": 1699.8681000000001, "y": 2748.896745}}