{"pectoral_line": {"x1": 635.2242385426373, "y1": 10, "x2": 10, "y2": 1812.729918390473}, "nipple": {"x": 1109.621985, "y": 2390.98423}}