{"pectoral_line": {"x1": 2154.2315033803447, "y1": 10, "x2": 2790, "y2": 2069.455234855125}, "nipple": {"x": 1412.7305099999999, "y": 2789.59353}}