{"pectoral_line": {"x1": 588.4086153655489, "y1": 10, "x2": 10, "y2": 1565.5260692945355}, "nipple": {"x": 791.44115, "y": 1994.75902}}