{"pectoral_line": {"x1": 808.0030662691543, "y1": 10, "x2": 10, "y2": 1494.9438599748148}, "nipple": {"x": 895.073445, "y": 2083.057295}}