{"pectoral_line": {"x1": 1554.9080443645744, "y1": 10, "x2": 2002, "y2": 1368.740596367182}, "nipple": {"x": 1169.663415, "y": 1792.78998}}