{"pectoral_line": {"x1": 2104.536438400766, "y1": 10, "x2": 2790, "y2": 1794.3813293470357}, "nipple": {"x": 2317.527845, "y": 2092.8147950000002}}