{"pectoral_line": {"x1": 1505.1139844751024, "y1": 10, "x2": 2002, "y2": 1122.431501737149}, "nipple": {"x": 1369.606505, "y": 1511.27004}}