{"pectoral_line": {"x1": 615.8672288637765, "y1": 10, "x2": 10, "y2": 1505.9022711384894}, "nipple": {"x": 714.21609, "y": 2182.865965}}