{"pectoral_line": {"x1": 1358.1556674337642, "y1": 10, "x2": 2002, "y2": 1124.770466780133}, "nipple": {"x": 1134.47334, "y": 2018.325725}}