{"pectoral_line": {"x1": 2154.022712793549, "y1": 10, "x2": 2790, "y2": 1578.332316654881}, "nipple": {"x": 2170.140535, "y": 1973.399375}}