{"pectoral_line": {"x1": 653.8482122216999, "y1": 10, "x2": 10, "y2": 1583.851171776686}, "nipple": {"x": 1047.586785, "y": 2134.838585}}