{"pectoral_line": {"x1": 329.9728025666855, "y1": 10, "x2": 10, "y2": 1603.3339348093778}, "nipple": {"x": 961.042595, "y": 2224.6671}}