{"pectoral_line": {"x1": 2309.081435848296, "y1": 10, "x2": 2790, "y2": 1646.8104056784011}, "nipple": {"x": 2156.574925, "y": 2147.4906300000002}}