{"pectoral_line": {"x1": 2196.8133032073547, "y1": 10, "x2": 2790, "y2": 1759.3978101270607}, "nipple": {"x": 2121.04737, "y": 2116.82842}}