{"pectoral_line": {"x1": 2117.6725805949027, "y1": 10, "x2": 2790, "y2": 1553.512227054629}, "nipple": {"x": 1908.9267849999999, "y": 2032.7806}}