{"pectoral_line": {"x1": 2474.4716785150695, "y1": 10, "x2": 2790, "y2": 1422.7063554415606}, "nipple": {"x": 1968.4393850000001, "y": 2159.509755}}