{"pectoral_line": {"x1": 1366.6537894164894, "y1": 10, "x2": 2002, "y2": 1378.4379157497585}, "nipple": {"x": 1140.872195, "y": 2175.555645}}