{"pectoral_line": {"x1": 745.8238921856573, "y1": 10, "x2": 10, "y2": 1269.076433467206}, "nipple": {"x": 608.940115, "y": 1794.2369449999999}}