{"pectoral_line": {"x1": 2369.1360127749376, "y1": 10, "x2": 2790, "y2": 1633.3325024817368}, "nipple": {"x": 1946.94843, "y": 1972.7464949999999}}