{"pectoral_line": {"x1": 2279.7140858484913, "y1": 10, "x2": 2790, "y2": 1352.6374795624383}, "nipple": {"x": 1966.959785, "y": 1882.6953}}