{"pectoral_line": {"x1": 716.1253756605936, "y1": 10, "x2": 10, "y2": 1675.8591447897948}, "nipple": {"x": 615.341025, "y": 2134.838665}}