{"pectoral_line": {"x1": 676.6023144440268, "y1": 10, "x2": 10, "y2": 1503.3623202281515}, "nipple": {"x": 783.4365849999999, "y": 2184.86715}}