{"pectoral_line": {"x1": 567.8110856737043, "y1": 10, "x2": 10, "y2": 1704.3728270671972}, "nipple": {"x": 697.387675, "y": 2248.903475}}