{"pectoral_line": {"x1": 2315.7404736356016, "y1": 10, "x2": 2790, "y2": 1838.5882464325384}, "nipple": {"x": 1734.82781, "y": 2264.91267}}