{"pectoral_line": {"x1": 427.6118838448007, "y1": 10, "x2": 10, "y2": 1545.4618916045667}, "nipple": {"x": 589.32625, "y": 1978.7498449999998}}