{"pectoral_line": {"x1": 2081.7098105123455, "y1": 10, "x2": 2790, "y2": 1183.1053198970433}, "nipple": {"x": 2091.00814, "y": 1808.3517550000001}}