{"pectoral_line": {"x1": 2163.8616925021115, "y1": 10, "x2": 2790, "y2": 1888.4155302680797}, "nipple": {"x": 1742.832375, "y": 2469.0285599999997}}