{"pectoral_line": {"x1": 2377.4619243782595, "y1": 10, "x2": 2790, "y2": 2090.121541092419}, "nipple": {"x": 2205.09521, "y": 2483.0366099999997}}