{"pectoral_line": {"x1": 1271.9194738723731, "y1": 10, "x2": 2002, "y2": 1699.0511092045451}, "nipple": {"x": 1305.6247099999998, "y": 2397.41792}}