{"pectoral_line": {"x1": 1571.2027266217797, "y1": 10, "x2": 2002, "y2": 1374.1913918820624}, "nipple": {"x": 748.98311, "y": 1968.739875}}