{"pectoral_line": {"x1": 440.3944553090985, "y1": 10, "x2": 10, "y2": 1306.6314334498231}, "nipple": {"x": 793.274285, "y": 1873.753635}}