{"pectoral_line": {"x1": 453.3434783266888, "y1": 10, "x2": 10, "y2": 1439.658148236577}, "nipple": {"x": 767.42753, "y": 1834.6681350000001}}