{"pectoral_line": {"x1": 1400.1954430921664, "y1": 10, "x2": 2002, "y2": 1214.5334505821315}, "nipple": {"x": 1262.43698, "y": 1778.394035}}