{"pectoral_line": {"x1": 1318.880103343563, "y1": 10, "x2": 2002, "y2": 1379.8163486299056}, "nipple": {"x": 1224.047955, "y": 2203.872965}}