{"pectoral_line": {"x1": 2190.3277700927247, "y1": 10, "x2": 2790, "y2": 1545.3305337248964}, "nipple": {"x": 1930.9393100000002, "y": 2146.8455050000002}}