{"pectoral_line": {"x1": 2194.060309988153, "y1": 10, "x2": 2790, "y2": 1463.5114567689568}, "nipple": {"x": 1792.8608399999998, "y": 2118.829535}}