{"pectoral_line": {"x1": 501.98972870434903, "y1": 10, "x2": 10, "y2": 1393.7210927735587}, "nipple": {"x": 935.523025, "y": 1948.73282}}