{"pectoral_line": {"x1": 580.5275656947935, "y1": 10, "x2": 10, "y2": 1792.432518190271}, "nipple": {"x": 497.174585, "y": 2064.71259}}