{"pectoral_line": {"x1": 1881.3026258688888, "y1": 10, "x2": 2790, "y2": 1587.9404977850618}, "nipple": {"x": 1958.955215, "y": 2224.88993}}