{"pectoral_line": {"x1": 702.5185768869543, "y1": 10, "x2": 10, "y2": 1231.450074314528}, "nipple": {"x": 661.3328250000001, "y": 1693.0445550000002}}