{"pectoral_line": {"x1": 620.1975377847019, "y1": 10, "x2": 10, "y2": 1351.0155234692418}, "nipple": {"x": 612.34181, "y": 1963.94125}}