{"pectoral_line": {"x1": 2034.5959253584267, "y1": 10, "x2": 2790, "y2": 1703.9364393324847}, "nipple": {"x": 1905.61226, "y": 2421.06261}}