{"pectoral_line": {"x1": 2020.6747237279728, "y1": 10, "x2": 2790, "y2": 1494.6628039449008}, "nipple": {"x": 1817.95955, "y": 2119.202625}}