{"pectoral_line": {"x1": 464.2190288305041, "y1": 10, "x2": 10, "y2": 1511.4462330221272}, "nipple": {"x": 981.54923, "y": 2062.79769}}