{"pectoral_line": {"x1": 358.9897406323263, "y1": 10, "x2": 10, "y2": 1564.5906589896927}, "nipple": {"x": 772.1181799999999, "y": 2077.40189}}