{"pectoral_line": {"x1": 697.7708967167607, "y1": 10, "x2": 10, "y2": 1358.0309596269906}, "nipple": {"x": 551.30463, "y": 1846.6748300000002}}