{"pectoral_line": {"x1": 1376.9472579789074, "y1": 10, "x2": 2002, "y2": 1442.944083366883}, "nipple": {"x": 1179.26073, "y": 1994.332585}}