{"pectoral_line": {"x1": 691.4023105759596, "y1": 10, "x2": 10, "y2": 2047.6548154875584}, "nipple": {"x": 989.553785, "y": 2585.09461}}