{"pectoral_line": {"x1": 2295.8503032433227, "y1": 10, "x2": 2790, "y2": 1723.4103353704797}, "nipple": {"x": 2007.35384, "y": 2140.7078}}