{"pectoral_line": {"x1": 534.9234628503942, "y1": 10, "x2": 10, "y2": 1560.490735690139}, "nipple": {"x": 917.71659, "y": 2061.575405}}