{"pectoral_line": {"x1": 2519.272811611451, "y1": 10, "x2": 2790, "y2": 1553.9912278115212}, "nipple": {"x": 1902.9233900000002, "y": 1838.670305}}