{"pectoral_line": {"x1": 745.0867617005326, "y1": 10, "x2": 10, "y2": 1736.8704724450865}, "nipple": {"x": 891.947195, "y": 2215.318335}}