{"pectoral_line": {"x1": 652.3896974319462, "y1": 10, "x2": 10, "y2": 879.3673876711249}, "nipple": {"x": 1313.738105, "y": 1884.696475}}