{"pectoral_line": {"x1": 499.4489492868268, "y1": 10, "x2": 10, "y2": 1540.1219349101284}, "nipple": {"x": 985.55152, "y": 2032.7806249999999}}