{"pectoral_line": {"x1": 860.066178449337, "y1": 10, "x2": 10, "y2": 1511.1807631742756}, "nipple": {"x": 639.3547, "y": 2016.7715349999999}}