{"pectoral_line": {"x1": 197.0865372603769, "y1": 10, "x2": 10, "y2": 2092.896763839624}, "nipple": {"x": 426.05227, "y": 2146.84551}}