{"pectoral_line": {"x1": 2405.81916129413, "y1": 10, "x2": 2790, "y2": 562.2599549759304}, "nipple": {"x": 2185.96695, "y": 1641.0432700000001}}