{"pectoral_line": {"x1": 2442.835260540425, "y1": 10, "x2": 2790, "y2": 1002.5977961527467}, "nipple": {"x": 1896.5685600000002, "y": 1921.398035}}