{"pectoral_line": {"x1": 478.9632616799896, "y1": 10, "x2": 10, "y2": 1679.509198858946}, "nipple": {"x": 595.76601, "y": 2142.968775}}