{"pectoral_line": {"x1": 1435.837285819832, "y1": 10, "x2": 2002, "y2": 1726.6053702463244}, "nipple": {"x": 1227.617765, "y": 2327.360335}}