{"pectoral_line": {"x1": 492.018413305371, "y1": 10, "x2": 10, "y2": 1582.1909105334373}, "nipple": {"x": 862.06353, "y": 2286.5009950000003}}