{"pectoral_line": {"x1": 1894.9709461882787, "y1": 10, "x2": 2790, "y2": 1560.6898801632235}, "nipple": {"x": 2065.01556, "y": 2374.975265}}