{"pectoral_line": {"x1": 779.0503460774448, "y1": 10, "x2": 10, "y2": 1121.7792437326195}, "nipple": {"x": 778.69446, "y": 1813.5840400000002}}