{"pectoral_line": {"x1": 1968.284954549763, "y1": 10, "x2": 2677, "y2": 1447.8737941346155}, "nipple": {"x": 1855.286595, "y": 2286.5009950000003}}