{"pectoral_line": {"x1": 1789.7364751933894, "y1": 10, "x2": 2002, "y2": 1387.7832246301764}, "nipple": {"x": 1392.000175, "y": 1528.8650599999999}}