{"pectoral_line": {"x1": 1606.8472360608957, "y1": 10, "x2": 2002, "y2": 813.9314966380931}, "nipple": {"x": 1163.265225, "y": 1708.0140549999999}}