{"pectoral_line": {"x1": 455.49007182385805, "y1": 10, "x2": 10, "y2": 1458.8460906195937}, "nipple": {"x": 886.3139249999999, "y": 2092.81482}}