{"pectoral_line": {"x1": 563.1031374022779, "y1": 10, "x2": 10, "y2": 1732.3211448471163}, "nipple": {"x": 648.241015, "y": 2156.17105}}