{"pectoral_line": {"x1": 542.8545645325213, "y1": 10, "x2": 10, "y2": 1186.5004923366048}, "nipple": {"x": 995.557195, "y": 1796.6463700000002}}