{"pectoral_line": {"x1": 345.2965526111015, "y1": 10, "x2": 10, "y2": 1203.8589421355152}, "nipple": {"x": 795.44343, "y": 2074.80447}}