{"pectoral_line": {"x1": 2185.681919111604, "y1": 10, "x2": 2790, "y2": 1472.4497453256888}, "nipple": {"x": 2091.00815, "y": 2023.1397299999999}}