{"pectoral_line": {"x1": 2508.9850803670947, "y1": 10, "x2": 2790, "y2": 1687.8251854811506}, "nipple": {"x": 1810.871075, "y": 2110.82498}}