{"pectoral_line": {"x1": 2212.4967694807083, "y1": 10, "x2": 2790, "y2": 1647.193651178892}, "nipple": {"x": 1914.930205, "y": 2014.7703800000002}}