{"pectoral_line": {"x1": 2073.797295154738, "y1": 10, "x2": 2790, "y2": 1428.6322833870718}, "nipple": {"x": 2400.75493, "y": 1729.21936}}