{"pectoral_line": {"x1": 2249.1833943583983, "y1": 10, "x2": 2790, "y2": 1366.785209776015}, "nipple": {"x": 2083.0257, "y": 1890.699895}}