{"pectoral_line": {"x1": 1944.3876974217753, "y1": 10, "x2": 2790, "y2": 1386.089696334612}, "nipple": {"x": 1594.7481249999998, "y": 2751.1891600000004}}