{"pectoral_line": {"x1": 2314.8149518662844, "y1": 10, "x2": 2790, "y2": 1606.6213661252573}, "nipple": {"x": 2041.00192, "y": 2308.937645}}