{"pectoral_line": {"x1": 1599.0486817902179, "y1": 10, "x2": 2002, "y2": 1459.9049085738056}, "nipple": {"x": 1257.6384150000001, "y": 1827.979915}}