{"pectoral_line": {"x1": 1952.3699355686003, "y1": 10, "x2": 2790, "y2": 1778.785796703046}, "nipple": {"x": 1835.85752, "y": 2371.32226}}