{"pectoral_line": {"x1": 602.2191150400258, "y1": 10, "x2": 10, "y2": 1523.4488371090977}, "nipple": {"x": 726.89967, "y": 2000.5304199999998}}