{"pectoral_line": {"x1": 654.2338993073068, "y1": 10, "x2": 10, "y2": 1320.6827561421735}, "nipple": {"x": 695.24671, "y": 2090.96749}}