{"pectoral_line": {"x1": 572.2477854055826, "y1": 10, "x2": 10, "y2": 1604.7391690399609}, "nipple": {"x": 1133.8662749999999, "y": 2262.79783}}