{"pectoral_line": {"x1": 733.6989076845493, "y1": 10, "x2": 10, "y2": 1550.778308758019}, "nipple": {"x": 862.52572, "y": 2128.694345}}