{"pectoral_line": {"x1": 1874.6957477756819, "y1": 10, "x2": 2802, "y2": 1482.7776760313884}, "nipple": {"x": 2227.3203350000003, "y": 2009.55}}