{"pectoral_line": {"x1": 2541.4349454699095, "y1": 10, "x2": 2790, "y2": 1839.9534802152832}, "nipple": {"x": 1806.86877, "y": 1890.699855}}