{"pectoral_line": {"x1": 2417.3301466179855, "y1": 10, "x2": 2790, "y2": 1761.098508603632}, "nipple": {"x": 1850.893755, "y": 2308.9377950000003}}