{"pectoral_line": {"x1": 830.0336679265987, "y1": 10, "x2": 10, "y2": 1712.495319840032}, "nipple": {"x": 851.4752599999999, "y": 2298.931895}}