{"pectoral_line": {"x1": 1367.5937590759625, "y1": 10, "x2": 2002, "y2": 1540.5049891452468}, "nipple": {"x": 1254.4393100000002, "y": 1930.3508550000001}}