{"pectoral_line": {"x1": 2127.563207464623, "y1": 10, "x2": 2790, "y2": 2025.1046681184887}, "nipple": {"x": 1690.8027849999999, "y": 2563.08207}}