{"pectoral_line": {"x1": 591.873038796285, "y1": 10, "x2": 10, "y2": 1395.0217451363162}, "nipple": {"x": 856.2968599999999, "y": 2128.835255}}