{"pectoral_line": {"x1": 555.0470990996524, "y1": 10, "x2": 10, "y2": 1363.5802120142248}, "nipple": {"x": 789.4399999999999, "y": 2102.82053}}