{"pectoral_line": {"x1": 2151.6405120025483, "y1": 10, "x2": 2790, "y2": 1351.4800903406497}, "nipple": {"x": 2269.1316100000004, "y": 1846.674825}}