{"pectoral_line": {"x1": 2459.0469861393326, "y1": 10, "x2": 2802, "y2": 1614.530775070168}, "nipple": {"x": 1895.386315, "y": 2019.73197}}