{"pectoral_line": {"x1": 1345.1317691521604, "y1": 10, "x2": 2002, "y2": 1460.7519870440651}, "nipple": {"x": 1275.23335, "y": 1971.939}}