{"pectoral_line": {"x1": 535.5597699039159, "y1": 10, "x2": 10, "y2": 1509.137699904799}, "nipple": {"x": 982.368515, "y": 2144.844265}}