{"pectoral_line": {"x1": 639.9310069814914, "y1": 10, "x2": 10, "y2": 1346.9964331418698}, "nipple": {"x": 761.424095, "y": 1930.72261}}