{"pectoral_line": {"x1": 446.58123671045894, "y1": 10, "x2": 10, "y2": 1512.758537021029}, "nipple": {"x": 1071.600425, "y": 2463.025345}}