{"pectoral_line": {"x1": 292.2796055427041, "y1": 10, "x2": 10, "y2": 1434.8398959973913}, "nipple": {"x": 536.981945, "y": 1656.8697499999998}}