{"pectoral_line": {"x1": 415.415039293286, "y1": 10, "x2": 10, "y2": 1664.531544092947}, "nipple": {"x": 1098.603475, "y": 2216.66929}}