{"pectoral_line": {"x1": 423.3129884276052, "y1": 10, "x2": 10, "y2": 1525.4808476049943}, "nipple": {"x": 737.410445, "y": 1926.720395}}