{"pectoral_line": {"x1": 2215.834180525354, "y1": 10, "x2": 2790, "y2": 1587.707458674581}, "nipple": {"x": 1948.56984, "y": 2183.6653850000002}}