{"pectoral_line": {"x1": 622.6728041214058, "y1": 10, "x2": 10, "y2": 1737.6269161261262}, "nipple": {"x": 988.320665, "y": 2469.7775149999998}}