{"pectoral_line": {"x1": 702.9101293274236, "y1": 10, "x2": 10, "y2": 1690.9215054829485}, "nipple": {"x": 919.778155, "y": 2141.218945}}