{"pectoral_line": {"x1": 2272.0559405020717, "y1": 10, "x2": 2790, "y2": 1797.1916074825222}, "nipple": {"x": 1824.21894, "y": 2172.3608099999997}}