{"pectoral_line": {"x1": 1952.7875436772542, "y1": 10, "x2": 2612, "y2": 1614.8041109494293}, "nipple": {"x": 1816.3198249999998, "y": 2171.53259}}