{"pectoral_line": {"x1": 1351.9854513682, "y1": 10, "x2": 2002, "y2": 1429.4195180047932}, "nipple": {"x": 1262.731975, "y": 2032.721615}}