{"pectoral_line": {"x1": 2490.807193794448, "y1": 10, "x2": 2790, "y2": 1342.342960388867}, "nipple": {"x": 1198.522925, "y": 2705.16286}}