{"pectoral_line": {"x1": 2426.8913819791323, "y1": 10, "x2": 2790, "y2": 1646.175889514864}, "nipple": {"x": 2309.154285, "y": 2016.771515}}