{"pectoral_line": {"x1": 668.9535536639635, "y1": 10, "x2": 10, "y2": 1746.164867738078}, "nipple": {"x": 812.2849, "y": 2413.413365}}