{"pectoral_line": {"x1": 1943.4024539642858, "y1": 10, "x2": 2768, "y2": 2165.875335587909}, "nipple": {"x": 2002.6070149999998, "y": 2581.77968}}