{"pectoral_line": {"x1": 1229.7793293685525, "y1": 10, "x2": 2002, "y2": 1573.8682986839324}, "nipple": {"x": 1157.1369949999998, "y": 2137.604535}}