{"pectoral_line": {"x1": 554.4848130689847, "y1": 10, "x2": 10, "y2": 1503.444042320925}, "nipple": {"x": 672.637455, "y": 1948.52913}}