{"pectoral_line": {"x1": 2161.2466749145738, "y1": 10, "x2": 2790, "y2": 1368.9184874081866}, "nipple": {"x": 2192.7497949999997, "y": 1982.44308}}