{"pectoral_line": {"x1": 731.1233177985199, "y1": 10, "x2": 10, "y2": 1680.2146636145035}, "nipple": {"x": 771.7164349999999, "y": 2129.69773}}