{"pectoral_line": {"x1": 2278.3869229757656, "y1": 10, "x2": 2790, "y2": 1561.3428877449219}, "nipple": {"x": 1541.603325, "y": 2373.583115}}