{"pectoral_line": {"x1": 1942.918102712298, "y1": 10, "x2": 2790, "y2": 1843.5574532816388}, "nipple": {"x": 1950.950665, "y": 2473.0309500000003}}