{"pectoral_line": {"x1": 484.5914272441469, "y1": 10, "x2": 10, "y2": 1253.429447835599}, "nipple": {"x": 903.5048499999999, "y": 1852.67827}}