{"pectoral_line": {"x1": 412.28585408905985, "y1": 10, "x2": 10, "y2": 735.4335239331198}, "nipple": {"x": 955.2993349999999, "y": 1562.455465}}