{"pectoral_line": {"x1": 514.2181560553862, "y1": 10, "x2": 10, "y2": 1492.0957869218914}, "nipple": {"x": 744.98707, "y": 1955.3119100000001}}