{"pectoral_line": {"x1": 1996.4514635000426, "y1": 10, "x2": 2790, "y2": 1879.904037561668}, "nipple": {"x": 1970.96205, "y": 2471.029695}}