{"pectoral_line": {"x1": 510.9155098923944, "y1": 10, "x2": 10, "y2": 1155.7111065286365}, "nipple": {"x": 635.3524199999999, "y": 1920.716985}}