{"pectoral_line": {"x1": 529.4933168805052, "y1": 10, "x2": 10, "y2": 1338.9363818409206}, "nipple": {"x": 755.42068, "y": 1904.707825}}