{"pectoral_line": {"x1": 369.4231923197713, "y1": 10, "x2": 10, "y2": 1228.045260549684}, "nipple": {"x": 631.53634, "y": 1724.00954}}