{"pectoral_line": {"x1": 2084.4248246234242, "y1": 10, "x2": 2790, "y2": 1356.8543134089898}, "nipple": {"x": 1885.2639299999998, "y": 2027.661525}}