{"pectoral_line": {"x1": 685.1092600595655, "y1": 10, "x2": 10, "y2": 1754.4822992776017}, "nipple": {"x": 600.151245, "y": 2242.90007}}