{"pectoral_line": {"x1": 463.2589592487389, "y1": 10, "x2": 10, "y2": 1587.6898720106826}, "nipple": {"x": 1171.6572700000002, "y": 2118.829565}}