{"pectoral_line": {"x1": 817.1136432998351, "y1": 10, "x2": 10, "y2": 1862.514770070079}, "nipple": {"x": 611.3387700000001, "y": 2288.926315}}