{"pectoral_line": {"x1": 394.52374330090345, "y1": 10, "x2": 10, "y2": 1532.7140153080447}, "nipple": {"x": 742.726145, "y": 1835.482865}}