{"pectoral_line": {"x1": 2659.4002129094215, "y1": 10, "x2": 2790, "y2": 1613.2229328101923}, "nipple": {"x": 1926.93698, "y": 2090.8137}}