{"pectoral_line": {"x1": 1500.2299759183295, "y1": 10, "x2": 2002, "y2": 1671.4163091885052}, "nipple": {"x": 947.326685, "y": 2215.06992}}