{"pectoral_line": {"x1": 695.9107807372924, "y1": 10, "x2": 10, "y2": 1816.4581050615734}, "nipple": {"x": 815.656245, "y": 2151.4483999999998}}