{"pectoral_line": {"x1": 2394.4507319798877, "y1": 10, "x2": 2790, "y2": 1932.670211931119}, "nipple": {"x": 1850.89382, "y": 2320.944385}}