{"pectoral_line": {"x1": 1494.2878422218112, "y1": 10, "x2": 2002, "y2": 1167.0311030879977}, "nipple": {"x": 875.34715, "y": 2088.7057}}