{"pectoral_line": {"x1": 655.7702445808599, "y1": 10, "x2": 10, "y2": 1439.910333592111}, "nipple": {"x": 747.2479950000001, "y": 1912.354325}}