{"pectoral_line": {"x1": 616.4639008288206, "y1": 10, "x2": 10, "y2": 2121.392840438544}, "nipple": {"x": 904.3318750000001, "y": 2304.615265}}