{"pectoral_line": {"x1": 650.0763303913499, "y1": 10, "x2": 10, "y2": 1619.16386144116}, "nipple": {"x": 645.35809, "y": 2018.772755}}