{"pectoral_line": {"x1": 2447.8252866221637, "y1": 10, "x2": 2790, "y2": 1378.6980346860166}, "nipple": {"x": 2111.0417549999997, "y": 1882.695365}}