{"pectoral_line": {"x1": 2341.446538164471, "y1": 10, "x2": 2790, "y2": 1277.1635448748902}, "nipple": {"x": 1912.39504, "y": 2163.3169949999997}}