{"pectoral_line": {"x1": 2235.985293473921, "y1": 10, "x2": 2802, "y2": 1916.0666304360261}, "nipple": {"x": 1911.6775599999999, "y": 2325.192625}}