{"pectoral_line": {"x1": 2070.067538650809, "y1": 10, "x2": 2790, "y2": 1705.4933490844305}, "nipple": {"x": 1540.717445, "y": 2633.121885}}