{"pectoral_line": {"x1": 674.5990723265568, "y1": 10, "x2": 10, "y2": 1728.5592500286705}, "nipple": {"x": 805.44912, "y": 2206.879615}}