{"pectoral_line": {"x1": 705.4449522321429, "y1": 10, "x2": 10, "y2": 1439.1712779816514}, "nipple": {"x": 786.7165699999999, "y": 2105.260935}}