{"pectoral_line": {"x1": 688.4200663611463, "y1": 10, "x2": 10, "y2": 1834.8973729326378}, "nipple": {"x": 1118.0398050000001, "y": 2416.54076}}