{"pectoral_line": {"x1": 2186.052493094466, "y1": 10, "x2": 2790, "y2": 1211.9739740714929}, "nipple": {"x": 1948.56984, "y": 1925.919875}}