{"pectoral_line": {"x1": 519.1056926375463, "y1": 10, "x2": 10, "y2": 1955.691029088557}, "nipple": {"x": 834.284345, "y": 2266.913795}}