{"pectoral_line": {"x1": 2136.981428607177, "y1": 10, "x2": 2790, "y2": 1555.817399867293}, "nipple": {"x": 2133.054215, "y": 2022.775005}}