{"pectoral_line": {"x1": 2354.072027843208, "y1": 10, "x2": 2790, "y2": 1672.8180348451212}, "nipple": {"x": 1831.33567, "y": 2450.45458}}