{"pectoral_line": {"x1": 1885.1771318307776, "y1": 10, "x2": 2790, "y2": 1702.6958510732063}, "nipple": {"x": 2156.574985, "y": 2228.8838849999997}}