{"pectoral_line": {"x1": 493.6780266752279, "y1": 10, "x2": 10, "y2": 1107.0017054377213}, "nipple": {"x": 548.28657, "y": 1828.70008}}