{"pectoral_line": {"x1": 1998.0031524121255, "y1": 10, "x2": 2790, "y2": 1646.4052566155676}, "nipple": {"x": 1904.924495, "y": 2360.9672800000003}}