{"pectoral_line": {"x1": 2044.2651747960285, "y1": 10, "x2": 2790, "y2": 1794.6645045126027}, "nipple": {"x": 1880.9108500000002, "y": 2324.94683}}