{"pectoral_line": {"x1": 1799.6015779389259, "y1": 10, "x2": 2790, "y2": 1662.2069698886485}, "nipple": {"x": 1980.96773, "y": 2404.9922149999998}}