{"pectoral_line": {"x1": 546.7618220970417, "y1": 10, "x2": 10, "y2": 1652.3309864488765}, "nipple": {"x": 819.45706, "y": 2052.792045}}