{"pectoral_line": {"x1": 553.9997677615145, "y1": 10, "x2": 10, "y2": 1460.6660671672762}, "nipple": {"x": 1181.345745, "y": 2226.6229000000003}}