{"pectoral_line": {"x1": 613.3930188664515, "y1": 10, "x2": 10, "y2": 1327.703915854689}, "nipple": {"x": 887.4957499999999, "y": 1824.66233}}