{"pectoral_line": {"x1": 485.25442647603745, "y1": 10, "x2": 10, "y2": 1516.6576682099876}, "nipple": {"x": 858.033345, "y": 2285.4070899999997}}