{"pectoral_line": {"x1": 2437.224805044317, "y1": 10, "x2": 2790, "y2": 1929.911160624892}, "nipple": {"x": 1729.26007, "y": 2292.189805}}