{"pectoral_line": {"x1": 2261.805977020994, "y1": 10, "x2": 2790, "y2": 1635.2123833339353}, "nipple": {"x": 2075.18161, "y": 2068.3582349999997}}