{"pectoral_line": {"x1": 597.3417646059801, "y1": 10, "x2": 10, "y2": 1654.556916981608}, "nipple": {"x": 1111.62317, "y": 2196.873875}}