{"pectoral_line": {"x1": 1992.7585599916335, "y1": 10, "x2": 2790, "y2": 1205.8622341844807}, "nipple": {"x": 2070.55073, "y": 1847.801495}}