{"pectoral_line": {"x1": 2090.177328266023, "y1": 10, "x2": 2790, "y2": 944.4223255571665}, "nipple": {"x": 1913.29808, "y": 1796.646375}}