{"pectoral_line": {"x1": 642.1499134719987, "y1": 10, "x2": 10, "y2": 1384.6752920325337}, "nipple": {"x": 969.54242, "y": 2062.79764}}