{"pectoral_line": {"x1": 2522.7999129556574, "y1": 10, "x2": 2790, "y2": 1925.8814715635554}, "nipple": {"x": 2295.515385, "y": 2302.9342}}