{"pectoral_line": {"x1": 2101.612313970993, "y1": 10, "x2": 2790, "y2": 1681.0859560308008}, "nipple": {"x": 2065.01547, "y": 2102.82053}}