{"pectoral_line": {"x1": 623.939991198409, "y1": 10, "x2": 10, "y2": 1230.2057044638138}, "nipple": {"x": 797.44457, "y": 2124.83293}}