{"pectoral_line": {"x1": 646.7348110390349, "y1": 10, "x2": 10, "y2": 1963.6181729726104}, "nipple": {"x": 1213.681145, "y": 2489.040035}}