{"pectoral_line": {"x1": 731.0892989082652, "y1": 10, "x2": 10, "y2": 1850.962835696727}, "nipple": {"x": 683.942085, "y": 2285.40709}}