{"pectoral_line": {"x1": 450.7112164894261, "y1": 10, "x2": 10, "y2": 1618.3687680518753}, "nipple": {"x": 821.4581949999999, "y": 1954.736345}}