{"pectoral_line": {"x1": 631.0761716189277, "y1": 10, "x2": 10, "y2": 1642.7259950835464}, "nipple": {"x": 925.51737, "y": 2300.93319}}