{"pectoral_line": {"x1": 376.3090630563005, "y1": 10, "x2": 10, "y2": 2083.44759335179}, "nipple": {"x": 681.68116, "y": 2161.056125}}