{"pectoral_line": {"x1": 568.2289090035122, "y1": 10, "x2": 10, "y2": 1170.52858237473}, "nipple": {"x": 645.93225, "y": 1692.018605}}