{"pectoral_line": {"x1": 2264.590560760627, "y1": 10, "x2": 2790, "y2": 1341.0372723286152}, "nipple": {"x": 1628.767515, "y": 2022.7749800000001}}