{"pectoral_line": {"x1": 589.5008021080585, "y1": 10, "x2": 10, "y2": 1348.8466837479132}, "nipple": {"x": 367.611435, "y": 1891.96174}}