{"pectoral_line": {"x1": 492.1360813420975, "y1": 10, "x2": 10, "y2": 1604.7577973331172}, "nipple": {"x": 785.43772, "y": 2108.82393}}