{"pectoral_line": {"x1": 2254.76272975195, "y1": 10, "x2": 2790, "y2": 1502.8099695237177}, "nipple": {"x": 1880.910865, "y": 2126.83415}}