{"pectoral_line": {"x1": 1740.3883110406884, "y1": 10, "x2": 2002, "y2": 1849.7209542699375}, "nipple": {"x": 1092.077905, "y": 2365.311565}}