{"pectoral_line": {"x1": 1134.350171306014, "y1": 10, "x2": 2002, "y2": 1497.3997744563083}, "nipple": {"x": 1409.59516, "y": 2059.913925}}