{"pectoral_line": {"x1": 592.9790471575535, "y1": 10, "x2": 10, "y2": 2161.274772648003}, "nipple": {"x": 1011.81746, "y": 2573.32942}}