{"pectoral_line": {"x1": 363.07727488338816, "y1": 10, "x2": 10, "y2": 1661.4905123410201}, "nipple": {"x": 841.46962, "y": 1888.6987}}