{"pectoral_line": {"x1": 532.0389223823762, "y1": 10, "x2": 10, "y2": 1791.3433043786772}, "nipple": {"x": 1103.618585, "y": 2236.89676}}