{"pectoral_line": {"x1": 508.3055285906871, "y1": 10, "x2": 10, "y2": 1525.5077109759563}, "nipple": {"x": 746.703585, "y": 1896.7603649999999}}