{"pectoral_line": {"x1": 2276.884363003701, "y1": 10, "x2": 2790, "y2": 1446.7238030424423}, "nipple": {"x": 1962.135335, "y": 2328.364615}}