{"pectoral_line": {"x1": 524.1072400596529, "y1": 10, "x2": 10, "y2": 1532.0280237797015}, "nipple": {"x": 875.188405, "y": 2279.668825}}