{"pectoral_line": {"x1": 2231.132833909187, "y1": 10, "x2": 2790, "y2": 1398.4356164386866}, "nipple": {"x": 2109.0406, "y": 1908.710085}}