{"pectoral_line": {"x1": 695.6704845015569, "y1": 10, "x2": 10, "y2": 1506.886183820482}, "nipple": {"x": 938.73793, "y": 2023.804715}}