{"pectoral_line": {"x1": 732.2560271964143, "y1": 10, "x2": 10, "y2": 1605.2437793648896}, "nipple": {"x": 933.521935, "y": 2194.872865}}