{"pectoral_line": {"x1": 541.5748905001685, "y1": 10, "x2": 10, "y2": 1365.3129793801463}, "nipple": {"x": 1092.86017, "y": 1975.138005}}