{"pectoral_line": {"x1": 1892.637359522384, "y1": 10, "x2": 2790, "y2": 1547.3419918377172}, "nipple": {"x": 2020.91946, "y": 2217.579195}}