{"pectoral_line": {"x1": 2221.877285498466, "y1": 10, "x2": 2790, "y2": 1793.274273957174}, "nipple": {"x": 2151.06446, "y": 2282.922925}}