{"pectoral_line": {"x1": 2452.948939536668, "y1": 10, "x2": 2790, "y2": 1126.4816661733958}, "nipple": {"x": 2305.79606, "y": 1641.0432700000001}}