{"pectoral_line": {"x1": 2154.9372000129824, "y1": 10, "x2": 2790, "y2": 1646.5079746096383}, "nipple": {"x": 1738.30377, "y": 2294.4507900000003}}