{"pectoral_line": {"x1": 308.3333859804152, "y1": 10, "x2": 10, "y2": 1452.8487372878938}, "nipple": {"x": 527.93824, "y": 1754.0895400000002}}