{"pectoral_line": {"x1": 2269.291281836406, "y1": 10, "x2": 2790, "y2": 1386.8740276831672}, "nipple": {"x": 1537.081465, "y": 2129.403225}}