{"pectoral_line": {"x1": 754.9744305912208, "y1": 10, "x2": 10, "y2": 1609.5039255781385}, "nipple": {"x": 825.46046, "y": 2186.868345}}