{"pectoral_line": {"x1": 757.3968232064674, "y1": 10, "x2": 10, "y2": 2020.9814058457355}, "nipple": {"x": 1107.620885, "y": 2621.1151999999997}}