{"pectoral_line": {"x1": 1482.0037964717892, "y1": 10, "x2": 2002, "y2": 1056.5332400623854}, "nipple": {"x": 768.17764, "y": 2048.717115}}