{"pectoral_line": {"x1": 411.21107301518606, "y1": 10, "x2": 10, "y2": 1308.4649212011975}, "nipple": {"x": 770.6967450000001, "y": 1532.064105}}