{"pectoral_line": {"x1": 2537.703432173473, "y1": 10, "x2": 2790, "y2": 1211.6158795730669}, "nipple": {"x": 2006.9825, "y": 1586.5269349999999}}