{"pectoral_line": {"x1": 856.532142185814, "y1": 10, "x2": 10, "y2": 2106.8389323845936}, "nipple": {"x": 1389.350825, "y": 2904.90054}}