{"pectoral_line": {"x1": 2302.602509798922, "y1": 10, "x2": 2802, "y2": 2030.2906923778141}, "nipple": {"x": 1659.16329, "y": 2897.422435}}