{"pectoral_line": {"x1": 739.3581481325702, "y1": 10, "x2": 10, "y2": 1611.8182210242521}, "nipple": {"x": 984.837285, "y": 2229.771645}}