{"pectoral_line": {"x1": 2172.0008922860425, "y1": 10, "x2": 2660, "y2": 1215.9748201918221}, "nipple": {"x": 1907.8787000000002, "y": 1897.547695}}