{"pectoral_line": {"x1": 684.6187646033281, "y1": 10, "x2": 10, "y2": 1942.5016677905353}, "nipple": {"x": 793.442315, "y": 2398.988865}}