{"pectoral_line": {"x1": 2392.829381605891, "y1": 10, "x2": 2790, "y2": 2065.6263241191787}, "nipple": {"x": 1734.827785, "y": 2332.951285}}