{"pectoral_line": {"x1": 758.7958043767208, "y1": 10, "x2": 10, "y2": 1578.2327173785363}, "nipple": {"x": 779.43434, "y": 2154.85002}}