{"pectoral_line": {"x1": 2259.012960144746, "y1": 10, "x2": 2790, "y2": 1737.814970790438}, "nipple": {"x": 1957.32303, "y": 2190.8705600000003}}