{"pectoral_line": {"x1": 2441.1730782986397, "y1": 10, "x2": 2790, "y2": 1803.0927905262774}, "nipple": {"x": 2005.09292, "y": 2000.530475}}