{"pectoral_line": {"x1": 1303.992147358722, "y1": 10, "x2": 2002, "y2": 1533.325152665771}, "nipple": {"x": 1513.56557, "y": 1855.1722300000001}}