{"pectoral_line": {"x1": 708.1321377072542, "y1": 10, "x2": 10, "y2": 1785.831242334985}, "nipple": {"x": 864.0248, "y": 2336.860995}}