{"pectoral_line": {"x1": 918.3569812817859, "y1": 10, "x2": 10, "y2": 1620.6161460676797}, "nipple": {"x": 740.865545, "y": 2255.072465}}