{"pectoral_line": {"x1": 727.0020539739343, "y1": 10, "x2": 10, "y2": 1480.6392626033357}, "nipple": {"x": 802.3102749999999, "y": 1983.9927149999999}}