{"pectoral_line": {"x1": 394.9592712772102, "y1": 10, "x2": 10, "y2": 1518.1965804442016}, "nipple": {"x": 631.9408, "y": 2217.5793200000003}}