{"pectoral_line": {"x1": 836.5704667111313, "y1": 10, "x2": 10, "y2": 1790.3056317596042}, "nipple": {"x": 580.2944, "y": 2325.1927050000004}}