{"pectoral_line": {"x1": 381.9047978337018, "y1": 10, "x2": 10, "y2": 1956.1319851113312}, "nipple": {"x": 1090.9086949999999, "y": 2323.8427549999997}}