{"pectoral_line": {"x1": 559.2768534468885, "y1": 10, "x2": 10, "y2": 1114.5240995295226}, "nipple": {"x": 1231.691415, "y": 1964.741975}}