{"pectoral_line": {"x1": 2268.394540623535, "y1": 10, "x2": 2790, "y2": 1456.0349374506463}, "nipple": {"x": 1864.915595, "y": 2156.534275}}