{"pectoral_line": {"x1": 1553.6059472444815, "y1": 10, "x2": 2002, "y2": 1414.5288640237525}, "nipple": {"x": 1068.89209, "y": 2026.323485}}