{"pectoral_line": {"x1": 2317.9545849813885, "y1": 10, "x2": 2790, "y2": 1391.3539234814668}, "nipple": {"x": 1974.96438, "y": 1858.6816800000001}}