{"pectoral_line": {"x1": 2009.4136303465532, "y1": 10, "x2": 2790, "y2": 1490.8840598729796}, "nipple": {"x": 1918.932475, "y": 2320.94443}}