{"pectoral_line": {"x1": 699.6265682587858, "y1": 10, "x2": 10, "y2": 1419.706372998023}, "nipple": {"x": 645.35809, "y": 1888.698735}}