{"pectoral_line": {"x1": 2017.2868623964512, "y1": 10, "x2": 2790, "y2": 1635.1003041169774}, "nipple": {"x": 2199.532505, "y": 2113.57669}}