{"pectoral_line": {"x1": 2187.963948479147, "y1": 10, "x2": 2790, "y2": 1468.3806710247472}, "nipple": {"x": 1980.96772, "y": 2316.9421899999998}}