{"pectoral_line": {"x1": 894.2643314269194, "y1": 10, "x2": 10, "y2": 1157.6622114402196}, "nipple": {"x": 929.0516849999999, "y": 1978.33717}}