{"pectoral_line": {"x1": 1328.8408887712858, "y1": 10, "x2": 2002, "y2": 1208.1385285618128}, "nipple": {"x": 1261.954515, "y": 1971.3423149999999}}