{"pectoral_line": {"x1": 2052.6741139844626, "y1": 10, "x2": 2790, "y2": 1595.215356945851}, "nipple": {"x": 2050.64543, "y": 2260.5368399999998}}