{"pectoral_line": {"x1": 700.6734635916673, "y1": 10, "x2": 10, "y2": 1263.8164423210287}, "nipple": {"x": 636.334965, "y": 1835.977695}}