{"pectoral_line": {"x1": 2185.881483299556, "y1": 10, "x2": 2790, "y2": 1331.508900665536}, "nipple": {"x": 2045.004135, "y": 2160.85347}}