{"pectoral_line": {"x1": 228.9942670956407, "y1": 10, "x2": 10, "y2": 997.1085285269845}, "nipple": {"x": 1077.809345, "y": 1928.7512299999999}}