{"pectoral_line": {"x1": 676.438492791149, "y1": 10, "x2": 10, "y2": 1530.1407082894984}, "nipple": {"x": 687.38199, "y": 1920.71698}}