{"pectoral_line": {"x1": 2139.491706945102, "y1": 10, "x2": 2790, "y2": 1925.5190913354056}, "nipple": {"x": 1950.950685, "y": 2284.923965}}