{"pectoral_line": {"x1": 2299.3671141382433, "y1": 10, "x2": 2790, "y2": 1637.800721352753}, "nipple": {"x": 1784.856255, "y": 2052.7920449999997}}