{"pectoral_line": {"x1": 787.3321556059666, "y1": 10, "x2": 10, "y2": 1254.5583231351718}, "nipple": {"x": 599.545425, "y": 1792.7900049999998}}