{"pectoral_line": {"x1": 562.1754841703987, "y1": 10, "x2": 10, "y2": 1610.1821174324114}, "nipple": {"x": 489.17684999999994, "y": 1779.99359}}