{"pectoral_line": {"x1": 684.6386932592594, "y1": 10, "x2": 10, "y2": 1721.278617173399}, "nipple": {"x": 875.48893, "y": 2144.84439}}