{"pectoral_line": {"x1": 1362.168055847303, "y1": 10, "x2": 2002, "y2": 1663.7731297980292}, "nipple": {"x": 1209.65205, "y": 2266.255225}}