{"pectoral_line": {"x1": 737.0959500146001, "y1": 10, "x2": 10, "y2": 1425.4134477455261}, "nipple": {"x": 722.71041, "y": 1967.14028}}