{"pectoral_line": {"x1": 638.2771081129686, "y1": 10, "x2": 10, "y2": 1610.0123933592113}, "nipple": {"x": 901.5037149999999, "y": 2148.8466599999997}}