{"pectoral_line": {"x1": 631.5964781156283, "y1": 10, "x2": 10, "y2": 1665.8493569241934}, "nipple": {"x": 903.5049, "y": 2190.8706349999998}}