{"pectoral_line": {"x1": 2039.1281624544276, "y1": 10, "x2": 2790, "y2": 1735.2852985304062}, "nipple": {"x": 1954.952895, "y": 2465.026395}}