{"pectoral_line": {"x1": 2004.8695363710722, "y1": 10, "x2": 2790, "y2": 1654.3301657563604}, "nipple": {"x": 2097.03366, "y": 2162.854495}}