{"pectoral_line": {"x1": 2046.2219264523471, "y1": 10, "x2": 2790, "y2": 1630.8748577299996}, "nipple": {"x": 2211.098465, "y": 2012.7692450000002}}