{"pectoral_line": {"x1": 1826.1146505970146, "y1": 10, "x2": 2708, "y2": 1800.494497272728}, "nipple": {"x": 1893.1873249999999, "y": 2477.9230549999997}}