{"pectoral_line": {"x1": 456.4322495780182, "y1": 10, "x2": 10, "y2": 1899.2495429711687}, "nipple": {"x": 1122.561655, "y": 2482.107535}}