{"pectoral_line": {"x1": 490.2033145683797, "y1": 10, "x2": 10, "y2": 1471.6715069920583}, "nipple": {"x": 813.453665, "y": 2174.861335}}