{"pectoral_line": {"x1": 1449.2837766646608, "y1": 10, "x2": 2002, "y2": 1144.9669159509826}, "nipple": {"x": 1184.05933, "y": 1783.1927}}