{"pectoral_line": {"x1": 588.7315266441522, "y1": 10, "x2": 10, "y2": 1554.7331709924924}, "nipple": {"x": 827.6110649999999, "y": 2244.229335}}