{"pectoral_line": {"x1": 2297.61165946976, "y1": 10, "x2": 2790, "y2": 1594.8749361876025}, "nipple": {"x": 2038.30501, "y": 2057.39845}}