{"pectoral_line": {"x1": 349.44781285385096, "y1": 10, "x2": 10, "y2": 1602.793533252717}, "nipple": {"x": 800.97138, "y": 2117.4794}}