{"pectoral_line": {"x1": 507.1581135689671, "y1": 10, "x2": 10, "y2": 1597.2570717531642}, "nipple": {"x": 1017.5697, "y": 1998.76124}}