{"pectoral_line": {"x1": 2106.0096196365494, "y1": 10, "x2": 2790, "y2": 1556.4124452444453}, "nipple": {"x": 1960.956365, "y": 2282.9228700000003}}