{"pectoral_line": {"x1": 2289.359827321695, "y1": 10, "x2": 2790, "y2": 1288.420445536007}, "nipple": {"x": 2138.821595, "y": 1702.088255}}