{"pectoral_line": {"x1": 1047.3289724515375, "y1": 10, "x2": 2002, "y2": 1279.1508963607246}, "nipple": {"x": 1419.180695, "y": 2056.28066}}