{"pectoral_line": {"x1": 682.8417753372394, "y1": 10, "x2": 10, "y2": 2072.6462635238277}, "nipple": {"x": 951.532115, "y": 2497.0445250000002}}