{"pectoral_line": {"x1": 878.4502616004397, "y1": 10, "x2": 10, "y2": 1879.3758756556826}, "nipple": {"x": 744.86185, "y": 2520.687635}}