{"pectoral_line": {"x1": 383.8860358465035, "y1": 10, "x2": 10, "y2": 1571.8787351163533}, "nipple": {"x": 1004.99347, "y": 2163.3170450000002}}