{"pectoral_line": {"x1": 1967.5644351954008, "y1": 10, "x2": 2790, "y2": 1158.5738065608823}, "nipple": {"x": 2296.752355, "y": 1806.09083}}