{"pectoral_line": {"x1": 2310.9326913164823, "y1": 10, "x2": 2790, "y2": 1223.6371721183486}, "nipple": {"x": 1960.956375, "y": 2132.8375100000003}}