{"pectoral_line": {"x1": 2175.8193456098525, "y1": 10, "x2": 2790, "y2": 1688.4075083952905}, "nipple": {"x": 1834.884715, "y": 2208.8807}}