{"pectoral_line": {"x1": 574.5243939770821, "y1": 10, "x2": 10, "y2": 1448.900533415877}, "nipple": {"x": 675.6241, "y": 2117.47938}}