{"pectoral_line": {"x1": 518.8718777837217, "y1": 10, "x2": 10, "y2": 1575.1017501063532}, "nipple": {"x": 860.140625, "y": 2032.787105}}