{"pectoral_line": {"x1": 2326.226908480253, "y1": 10, "x2": 2790, "y2": 1775.3288647836116}, "nipple": {"x": 1890.916555, "y": 2465.02635}}