{"pectoral_line": {"x1": 699.6362584124715, "y1": 10, "x2": 10, "y2": 1864.8837328014122}, "nipple": {"x": 993.55606, "y": 2236.896735}}