{"pectoral_line": {"x1": 2387.640629595612, "y1": 10, "x2": 2790, "y2": 911.8399597800047}, "nipple": {"x": 1686.80048, "y": 1896.7032649999999}}