{"pectoral_line": {"x1": 2337.28064484139, "y1": 10, "x2": 2790, "y2": 1852.2544921847705}, "nipple": {"x": 1712.81533, "y": 2270.916025}}