{"pectoral_line": {"x1": 2355.6577021387534, "y1": 10, "x2": 2790, "y2": 1470.1294258701394}, "nipple": {"x": 2199.091795, "y": 2408.99446}}