{"pectoral_line": {"x1": 494.4061566672527, "y1": 10, "x2": 10, "y2": 1468.014600224788}, "nipple": {"x": 1031.57766, "y": 2002.76364}}