{"pectoral_line": {"x1": 646.0548078449345, "y1": 10, "x2": 10, "y2": 1771.709275207912}, "nipple": {"x": 747.416125, "y": 2132.83755}}