{"pectoral_line": {"x1": 2333.4981476148137, "y1": 10, "x2": 2790, "y2": 1502.4099035219062}, "nipple": {"x": 1826.479865, "y": 2057.053555}}