{"pectoral_line": {"x1": 2270.3803716365674, "y1": 10, "x2": 2790, "y2": 1564.135053011953}, "nipple": {"x": 1842.88921, "y": 2114.827225}}