{"pectoral_line": {"x1": 593.8972701059371, "y1": 10, "x2": 10, "y2": 1621.3753960317242}, "nipple": {"x": 879.491195, "y": 2126.83415}}