{"pectoral_line": {"x1": 1917.3851721676072, "y1": 10, "x2": 2790, "y2": 1356.7126314568973}, "nipple": {"x": 2087.028085, "y": 1936.726015}}