{"pectoral_line": {"x1": 1282.445104849478, "y1": 10, "x2": 2002, "y2": 1346.90028451835}, "nipple": {"x": 1364.807875, "y": 1920.753525}}