{"pectoral_line": {"x1": 2190.792532075038, "y1": 10, "x2": 2790, "y2": 1363.3824002506817}, "nipple": {"x": 1888.91544, "y": 1884.696475}}