{"pectoral_line": {"x1": 680.4974980612882, "y1": 10, "x2": 10, "y2": 1585.6691539498447}, "nipple": {"x": 717.39906, "y": 2104.82164}}