{"pectoral_line": {"x1": 2182.3412552479035, "y1": 10, "x2": 2790, "y2": 1441.9610470616603}, "nipple": {"x": 1844.5672749999999, "y": 2050.2707800000003}}