{"pectoral_line": {"x1": 2248.0945964900366, "y1": 10, "x2": 2790, "y2": 1410.774348055109}, "nipple": {"x": 1952.9518400000002, "y": 2094.81586}}