{"pectoral_line": {"x1": 2126.7517764163476, "y1": 10, "x2": 2790, "y2": 1214.4587518615015}, "nipple": {"x": 2227.10775, "y": 1894.7021200000001}}