{"pectoral_line": {"x1": 2241.3932766708886, "y1": 10, "x2": 2790, "y2": 1660.5497572064633}, "nipple": {"x": 1958.9551900000001, "y": 2114.82732}}