{"pectoral_line": {"x1": 1535.944535001167, "y1": 10, "x2": 2002, "y2": 1321.4584198928114}, "nipple": {"x": 1318.42114, "y": 1736.80592}}