{"pectoral_line": {"x1": 509.535504693597, "y1": 10, "x2": 10, "y2": 1399.5125373768121}, "nipple": {"x": 1181.345745, "y": 2120.35946}}