{"pectoral_line": {"x1": 1298.2712414823889, "y1": 10, "x2": 2002, "y2": 1691.7314889975364}, "nipple": {"x": 809.76582, "y": 2192.6761749999996}}