{"pectoral_line": {"x1": 443.3999121381188, "y1": 10, "x2": 10, "y2": 1631.082347262035}, "nipple": {"x": 761.099485, "y": 2195.875225}}