{"pectoral_line": {"x1": 465.1641641930831, "y1": 10, "x2": 10, "y2": 1665.1424265361393}, "nipple": {"x": 878.3547699999999, "y": 2520.687485}}