{"pectoral_line": {"x1": 1337.084553000109, "y1": 10, "x2": 2002, "y2": 1459.5579867787403}, "nipple": {"x": 1180.630445, "y": 2097.846085}}