{"pectoral_line": {"x1": 647.5074583303679, "y1": 10, "x2": 10, "y2": 1508.8724539165044}, "nipple": {"x": 923.51625, "y": 2086.811305}}