{"pectoral_line": {"x1": 959.3001507187425, "y1": 10, "x2": 10, "y2": 1696.573838465285}, "nipple": {"x": 773.43093, "y": 2052.7920249999997}}