{"pectoral_line": {"x1": 1454.3462098790342, "y1": 10, "x2": 2002, "y2": 1478.7078957303233}, "nipple": {"x": 1105.68164, "y": 2192.676155}}