{"pectoral_line": {"x1": 647.9141469147655, "y1": 10, "x2": 10, "y2": 1813.2376125757148}, "nipple": {"x": 823.45934, "y": 2278.9206400000003}}