{"pectoral_line": {"x1": 2102.4466370281334, "y1": 10, "x2": 2790, "y2": 1615.8943837366553}, "nipple": {"x": 1932.940425, "y": 2342.957155}}