{"pectoral_line": {"x1": 2045.832786427596, "y1": 10, "x2": 2790, "y2": 1803.7762702266373}, "nipple": {"x": 1836.8858500000001, "y": 2374.97518}}