{"pectoral_line": {"x1": 1185.5752839648108, "y1": 10, "x2": 2002, "y2": 1542.1452151942426}, "nipple": {"x": 985.7157649999999, "y": 2327.0380600000003}}