{"pectoral_line": {"x1": 503.7956711630171, "y1": 10, "x2": 10, "y2": 2203.033690613257}, "nipple": {"x": 1011.8175299999999, "y": 2256.24687}}