{"pectoral_line": {"x1": 1988.2885312861008, "y1": 10, "x2": 2790, "y2": 1642.2271232918586}, "nipple": {"x": 1858.898385, "y": 2443.0138349999997}}