{"pectoral_line": {"x1": 2333.923643994462, "y1": 10, "x2": 2790, "y2": 1129.870649627894}, "nipple": {"x": 2129.051865, "y": 2004.764735}}