{"pectoral_line": {"x1": 2167.895573804026, "y1": 10, "x2": 2790, "y2": 1249.4603243166146}, "nipple": {"x": 1954.95291, "y": 1996.760235}}