{"pectoral_line": {"x1": 2243.840536435168, "y1": 10, "x2": 2790, "y2": 1724.5824641857091}, "nipple": {"x": 1710.814105, "y": 2238.8978}}