{"pectoral_line": {"x1": 354.0527424920605, "y1": 10, "x2": 10, "y2": 1389.6477764739434}, "nipple": {"x": 956.15232, "y": 1964.35561}}