{"pectoral_line": {"x1": 483.741375080078, "y1": 10, "x2": 10, "y2": 1607.2176193807252}, "nipple": {"x": 785.43772, "y": 1964.74196}}