{"pectoral_line": {"x1": 2071.559242084648, "y1": 10, "x2": 2790, "y2": 1788.7201357120366}, "nipple": {"x": 1756.840385, "y": 2414.99796}}