{"pectoral_line": {"x1": 441.72245382870983, "y1": 10, "x2": 10, "y2": 926.1743804851201}, "nipple": {"x": 1036.2212, "y": 1935.14943}}