{"pectoral_line": {"x1": 284.88547941272526, "y1": 10, "x2": 10, "y2": 943.3289456582046}, "nipple": {"x": 737.1063099999999, "y": 1776.79448}}