{"pectoral_line": {"x1": 2384.42286833235, "y1": 10, "x2": 2790, "y2": 1676.1547315669818}, "nipple": {"x": 1919.1778100000001, "y": 2023.139735}}