{"pectoral_line": {"x1": 2181.0772191851224, "y1": 10, "x2": 2790, "y2": 1361.6240008840105}, "nipple": {"x": 2137.05647, "y": 1938.72722}}