{"pectoral_line": {"x1": 2129.1494910418264, "y1": 10, "x2": 2790, "y2": 1470.3409854766219}, "nipple": {"x": 2121.047365, "y": 2112.826215}}